replication,method,scenario,parameter,severity,status,elapsed_seconds,selected_indices,rejections,true_discoveries,false_discoveries,tpr,fdp
1,mean_naive_full_data,signed_square,gamma,1.0,proven_maximum_cardinality,0.011051999870687723,7;9;13;18;39;45;49;61;63;97;111;115;122;141;149;158;175,17,16,1,0.8,0.058823529411764705
2,mean_naive_full_data,signed_square,gamma,1.0,proven_maximum_cardinality,0.016393200028687716,2;5;15;16;36;67;76;78;85;102;122;137;138;139;142;152;168;183;187;193,20,18,2,0.9,0.1
3,mean_naive_full_data,signed_square,gamma,1.0,proven_maximum_cardinality,0.01174190011806786,24;26;27;56;66;75;77;83;89;92;93;112;125;130;147;150;153;156;161;170;186;196,22,18,4,0.9,0.18181818181818182
4,mean_naive_full_data,signed_square,gamma,1.0,proven_maximum_cardinality,0.015504000009968877,0;8;59;60;68;77;82;116;121;127;128;133;154;161;174;184;189;198,18,16,2,0.8,0.1111111111111111
5,mean_naive_full_data,signed_square,gamma,1.0,proven_maximum_cardinality,0.010459300130605698,22;24;27;33;47;71;78;99;130;151;154;160;182;191;194,15,15,0,0.75,0.0
6,mean_naive_full_data,signed_square,gamma,1.0,proven_maximum_cardinality,0.010832599829882383,7;55;64;72;73;121;125;129;138;160;162;169;188;190;196,15,15,0,0.75,0.0
7,mean_naive_full_data,signed_square,gamma,1.0,proven_maximum_cardinality,0.01259499997831881,24;32;61;71;113;125;126;129;132;144;148;159;179;181;186,15,14,1,0.7,0.06666666666666667
8,mean_naive_full_data,signed_square,gamma,1.0,proven_maximum_cardinality,0.015466599958017468,10;28;35;46;48;58;67;98;111;115;116;134;139;153;160;171;189,17,15,2,0.75,0.11764705882352941
9,mean_naive_full_data,signed_square,gamma,1.0,proven_maximum_cardinality,0.01236560009419918,10;11;38;48;54;69;72;84;92;95;105;113;115;120;136;153;171;173;177,19,16,3,0.8,0.15789473684210525
10,mean_naive_full_data,signed_square,gamma,1.0,proven_maximum_cardinality,0.01712119998410344,0;38;57;61;73;91;97;105;111;114;156;169;198,13,13,0,0.65,0.0
11,mean_naive_full_data,signed_square,gamma,1.0,proven_maximum_cardinality,0.01643140008673072,1;8;14;40;44;45;46;53;61;68;100;109;130;132;146;153;165;175;188,19,16,3,0.8,0.15789473684210525
12,mean_naive_full_data,signed_square,gamma,1.0,proven_maximum_cardinality,0.014904699986800551,10;25;55;60;100;119;130;132;146;158;184;187;190,13,12,1,0.6,0.07692307692307693
13,mean_naive_full_data,signed_square,gamma,1.0,proven_maximum_cardinality,0.018505599815398455,21;67;80;85;90;118;141;144;191;193,10,10,0,0.5,0.0
14,mean_naive_full_data,signed_square,gamma,1.0,proven_maximum_cardinality,0.012873099884018302,4;7;11;28;44;57;68;78;79;99;107;117;141;162;173;192,16,14,2,0.7,0.125
15,mean_naive_full_data,signed_square,gamma,1.0,proven_maximum_cardinality,0.010491899913176894,0;21;45;51;59;96;112;123;127;144;150;152;153;172;179;185;190,17,16,1,0.8,0.058823529411764705
16,mean_naive_full_data,signed_square,gamma,1.0,proven_maximum_cardinality,0.01864290004596114,6;8;16;21;45;55;60;87;110;124;140;141;160;165;180;184;193,17,15,2,0.75,0.11764705882352941
17,mean_naive_full_data,signed_square,gamma,1.0,proven_maximum_cardinality,0.010329399956390262,6;18;20;49;65;68;71;82;85;87;112;119;144;159;163;168;178,17,16,1,0.8,0.058823529411764705
18,mean_naive_full_data,signed_square,gamma,1.0,proven_maximum_cardinality,0.012503999983891845,12;13;15;44;48;58;81;84;87;98;102;112;131;140;144;147;175;192;193;195,20,18,2,0.9,0.1
19,mean_naive_full_data,signed_square,gamma,1.0,proven_maximum_cardinality,0.007206200156360865,2;5;17;36;38;42;59;72;73;79;89;91;93;128;131;146;177,17,16,1,0.8,0.058823529411764705
20,mean_naive_full_data,signed_square,gamma,1.0,proven_maximum_cardinality,0.024673499865457416,3;20;28;52;59;61;71;89;95;96;111;128;146;150;152;153;189;199,18,16,2,0.8,0.1111111111111111
21,mean_naive_full_data,signed_square,gamma,1.0,proven_maximum_cardinality,0.016485600033774972,4;10;31;34;37;48;66;78;85;93;96;121;123;128;147;165,16,16,0,0.8,0.0
22,mean_naive_full_data,signed_square,gamma,1.0,proven_maximum_cardinality,0.011466800002381206,6;9;22;33;47;51;54;57;82;112;116;131;136;163;186;188,16,16,0,0.8,0.0
23,mean_naive_full_data,signed_square,gamma,1.0,proven_maximum_cardinality,0.01867859996855259,0;8;22;27;28;47;88;90;130;142;158;160;169;172;173;197,16,16,0,0.8,0.0
24,mean_naive_full_data,signed_square,gamma,1.0,proven_maximum_cardinality,0.008329399861395359,9;14;35;68;86;93;94;98;108;121;124;128;157;175,14,14,0,0.7,0.0
25,mean_naive_full_data,signed_square,gamma,1.0,proven_maximum_cardinality,0.012761499965563416,9;16;46;51;61;67;69;89;103;104;118;124;149;172;173;193,16,15,1,0.75,0.0625
26,mean_naive_full_data,signed_square,gamma,1.0,proven_maximum_cardinality,0.0076882001012563705,2;5;19;26;27;40;61;77;83;92;98;119;124;140;148;154;156;168;182;183;184,21,18,3,0.9,0.14285714285714285
27,mean_naive_full_data,signed_square,gamma,1.0,proven_maximum_cardinality,0.009130700025707483,0;1;16;45;67;68;111;118;156;166;177;183;186,13,12,1,0.6,0.07692307692307693
28,mean_naive_full_data,signed_square,gamma,1.0,proven_maximum_cardinality,0.01810029987245798,16;23;54;58;59;72;73;88;97;110;144;155;174;187,14,12,2,0.6,0.14285714285714285
29,mean_naive_full_data,signed_square,gamma,1.0,proven_maximum_cardinality,0.01773780002258718,2;3;9;14;25;34;51;70;95;99;102;112;117;150;171;189;191,17,16,1,0.8,0.058823529411764705
30,mean_naive_full_data,signed_square,gamma,1.0,proven_maximum_cardinality,0.017329199938103557,21;25;28;29;47;53;93;105;111;114;116;159;164;178;187,15,15,0,0.75,0.0
31,mean_naive_full_data,signed_square,gamma,1.0,proven_maximum_cardinality,0.013944099890068173,5;8;17;36;39;50;88;92;96;97;101;112;123;148;155;183,16,15,1,0.75,0.0625
32,mean_naive_full_data,signed_square,gamma,1.0,proven_maximum_cardinality,0.012537900125607848,3;6;12;16;17;42;60;72;87;99;107;132;133;153;156;175;187,17,16,1,0.8,0.058823529411764705
33,mean_naive_full_data,signed_square,gamma,1.0,proven_maximum_cardinality,0.02036909991875291,1;15;37;46;53;71;75;86;93;107;108;114;121;127;130,15,15,0,0.75,0.0
34,mean_naive_full_data,signed_square,gamma,1.0,proven_maximum_cardinality,0.00936240004375577,33;77;84;87;112;113;116;117;120;121;122;148;154;155;177;191,16,16,0,0.8,0.0
35,mean_naive_full_data,signed_square,gamma,1.0,proven_maximum_cardinality,0.014543300028890371,13;23;30;63;69;71;88;108;133;163;168;177;178;179;181,15,14,1,0.7,0.06666666666666667
36,mean_naive_full_data,signed_square,gamma,1.0,proven_maximum_cardinality,0.014888500096276402,0;1;7;10;17;21;28;31;58;69;78;104;122;177;192,15,13,2,0.65,0.13333333333333333
37,mean_naive_full_data,signed_square,gamma,1.0,proven_maximum_cardinality,0.011504599824547768,2;16;23;41;46;47;75;92;105;108;118;120;131;138;143;151;168,17,17,0,0.85,0.0
38,mean_naive_full_data,signed_square,gamma,1.0,proven_maximum_cardinality,0.016689700074493885,22;36;47;52;57;64;71;76;87;100;101;105;149;150;154;165;171;181,18,16,2,0.8,0.1111111111111111
39,mean_naive_full_data,signed_square,gamma,1.0,proven_maximum_cardinality,0.011477999854832888,9;15;22;46;50;64;69;79;88;93;127;134;138;141;149;167;175;177;188,19,19,0,0.95,0.0
40,mean_naive_full_data,signed_square,gamma,1.0,proven_maximum_cardinality,0.010781900025904179,4;29;46;67;72;84;105;118;124;136;138;141;142;167;170;178;184,17,17,0,0.85,0.0
41,mean_naive_full_data,signed_square,gamma,1.0,proven_maximum_cardinality,0.015446999808773398,27;35;36;39;51;52;54;67;68;78;94;107;111;112;114;116;127;173,18,18,0,0.9,0.0
42,mean_naive_full_data,signed_square,gamma,1.0,proven_maximum_cardinality,0.007650700164958835,14;26;33;44;50;61;96;107;116;143;146;158;169;173;184,15,15,0,0.75,0.0
43,mean_naive_full_data,signed_square,gamma,1.0,proven_maximum_cardinality,0.008973899995908141,4;11;12;27;46;47;69;74;84;85;96;107;137;152;159;173;194,17,15,2,0.75,0.11764705882352941
44,mean_naive_full_data,signed_square,gamma,1.0,proven_maximum_cardinality,0.010775499977171421,5;13;18;45;55;60;84;94;102;135;136;153;164;165;173;174;188;190,18,17,1,0.85,0.05555555555555555
45,mean_naive_full_data,signed_square,gamma,1.0,proven_maximum_cardinality,0.015093900030478835,23;32;42;68;74;90;95;96;130;141;143;146;175,13,13,0,0.65,0.0
46,mean_naive_full_data,signed_square,gamma,1.0,proven_maximum_cardinality,0.0161421000957489,3;20;26;29;49;52;56;70;95;134;152;160;174;195,14,11,3,0.55,0.21428571428571427
47,mean_naive_full_data,signed_square,gamma,1.0,proven_maximum_cardinality,0.027630599914118648,1;12;19;20;29;42;47;80;100;112;128;152;166;180,14,12,2,0.6,0.14285714285714285
48,mean_naive_full_data,signed_square,gamma,1.0,proven_maximum_cardinality,0.010799500159919262,0;14;21;45;52;77;89;96;115;133;136;163;165,13,12,1,0.6,0.07692307692307693
49,mean_naive_full_data,signed_square,gamma,1.0,proven_maximum_cardinality,0.009801500011235476,1;18;21;37;48;58;71;74;114;142;151;165;166;198,14,14,0,0.7,0.0
50,mean_naive_full_data,signed_square,gamma,1.0,proven_maximum_cardinality,0.012013900093734264,6;46;51;55;56;59;61;68;70;109;111;112;122;126;142;177;180;194;197,19,18,1,0.9,0.05263157894736842
51,mean_naive_full_data,signed_square,gamma,1.0,proven_maximum_cardinality,0.015033199917525053,11;46;58;74;88;95;111;119;123;125;128;138;151;160;171,15,15,0,0.75,0.0
52,mean_naive_full_data,signed_square,gamma,1.0,proven_maximum_cardinality,0.012414100114256144,5;19;25;33;35;51;61;73;92;101;104;123;136;157;161;182,16,16,0,0.8,0.0
53,mean_naive_full_data,signed_square,gamma,1.0,proven_maximum_cardinality,0.010215300135314465,26;34;37;91;92;98;141;150;154;156;182;187;190;198,14,14,0,0.7,0.0
54,mean_naive_full_data,signed_square,gamma,1.0,proven_maximum_cardinality,0.01739710010588169,0;3;5;30;32;50;51;76;122;125;147;164;167;176,14,12,2,0.6,0.14285714285714285
55,mean_naive_full_data,signed_square,gamma,1.0,proven_maximum_cardinality,0.01804709993302822,8;9;12;17;20;40;41;56;72;107;153;157;168;193,14,14,0,0.7,0.0
56,mean_naive_full_data,signed_square,gamma,1.0,proven_maximum_cardinality,0.011643100064247847,3;15;24;25;68;101;108;120;122;126;132;133;141;168;188,15,15,0,0.75,0.0
57,mean_naive_full_data,signed_square,gamma,1.0,proven_maximum_cardinality,0.019881599815562367,23;35;40;56;81;85;88;124;135;140;143;152;164,13,11,2,0.55,0.15384615384615385
58,mean_naive_full_data,signed_square,gamma,1.0,proven_maximum_cardinality,0.017298700055107474,6;16;28;31;40;42;51;59;75;79;83;87;119;127;129;139;186;193,18,15,3,0.75,0.16666666666666666
59,mean_naive_full_data,signed_square,gamma,1.0,proven_maximum_cardinality,0.012612999882549047,36;39;53;56;58;63;88;102;106;120;147;159;176;186;189,15,15,0,0.75,0.0
60,mean_naive_full_data,signed_square,gamma,1.0,proven_maximum_cardinality,0.011074299924075603,6;13;22;24;35;51;53;63;67;69;81;103;106;148;157;159;181,17,17,0,0.85,0.0
61,mean_naive_full_data,signed_square,gamma,1.0,proven_maximum_cardinality,0.011471400037407875,46;67;71;81;88;93;98;105;108;118;123;130;143;150;167;199,16,15,1,0.75,0.0625
62,mean_naive_full_data,signed_square,gamma,1.0,proven_maximum_cardinality,0.016258500050753355,23;24;27;32;55;75;109;111;113;129;132;142;151;162;164;194,16,15,1,0.75,0.0625
63,mean_naive_full_data,signed_square,gamma,1.0,proven_maximum_cardinality,0.008259600028395653,25;31;55;61;67;79;86;93;98;143;148;159;165;166;168;198,16,16,0,0.8,0.0
64,mean_naive_full_data,signed_square,gamma,1.0,proven_maximum_cardinality,0.009868399938568473,27;33;35;41;43;44;52;53;70;83;86;90;103;105;106;120;124;160;176,19,18,1,0.9,0.05263157894736842
65,mean_naive_full_data,signed_square,gamma,1.0,proven_maximum_cardinality,0.017214199993759394,7;18;27;34;41;45;54;70;74;115;118;128;132;136;177;178;183;193;199,19,17,2,0.85,0.10526315789473684
66,mean_naive_full_data,signed_square,gamma,1.0,proven_maximum_cardinality,0.02074069995433092,44;54;70;100;114;120;135;149;154;159;176;189,12,11,1,0.55,0.08333333333333333
67,mean_naive_full_data,signed_square,gamma,1.0,proven_maximum_cardinality,0.01659999997355044,1;4;9;25;44;63;67;72;73;81;101;105;123;127;141;166;170;194,18,17,1,0.85,0.05555555555555555
68,mean_naive_full_data,signed_square,gamma,1.0,proven_maximum_cardinality,0.012593400198966265,9;34;40;57;59;83;93;95;113;119;120;135;148;155;163;166;181;197,18,17,1,0.85,0.05555555555555555
69,mean_naive_full_data,signed_square,gamma,1.0,proven_maximum_cardinality,0.01510169985704124,13;37;54;82;93;120;136;144;149;166;167;175;176,13,12,1,0.6,0.07692307692307693
70,mean_naive_full_data,signed_square,gamma,1.0,proven_maximum_cardinality,0.017514599952846766,9;12;31;37;56;68;84;86;103;119;125;143;148;156;183;186;195,17,14,3,0.7,0.17647058823529413
71,mean_naive_full_data,signed_square,gamma,1.0,proven_maximum_cardinality,0.018464700086042285,0;15;20;23;30;41;44;63;68;73;86;95;115;127;128;134;152;162;165;181;194,21,19,2,0.95,0.09523809523809523
72,mean_naive_full_data,signed_square,gamma,1.0,proven_maximum_cardinality,0.024119599955156446,21;30;44;80;87;91;111;112;119;126;132;133;143;145;158;178;183;186;196,19,17,2,0.85,0.10526315789473684
73,mean_naive_full_data,signed_square,gamma,1.0,proven_maximum_cardinality,0.018330099992454052,8;9;23;27;29;30;37;52;55;104;105;106;110;114;124;127;137;153;161;198,20,19,1,0.95,0.05
74,mean_naive_full_data,signed_square,gamma,1.0,proven_maximum_cardinality,0.021867499919608235,30;46;47;48;52;60;69;75;83;88;94;105;115;195,14,14,0,0.7,0.0
75,mean_naive_full_data,signed_square,gamma,1.0,proven_maximum_cardinality,0.025565199786797166,1;7;21;22;37;46;49;52;76;102;103;106;116;129;140;155;156;166;184;186;194,21,16,5,0.8,0.23809523809523808
76,mean_naive_full_data,signed_square,gamma,1.0,proven_maximum_cardinality,0.019007400143891573,32;47;78;88;90;105;123;145;150;155;166,11,11,0,0.55,0.0
77,mean_naive_full_data,signed_square,gamma,1.0,proven_maximum_cardinality,0.012412099866196513,9;15;19;24;35;53;56;70;90;98;100;116;126;140;156;184,16,13,3,0.65,0.1875
78,mean_naive_full_data,signed_square,gamma,1.0,proven_maximum_cardinality,0.01585739990696311,3;9;11;22;31;57;63;79;80;91;102;129;131;139;146;160;164;177;178,19,17,2,0.85,0.10526315789473684
79,mean_naive_full_data,signed_square,gamma,1.0,proven_maximum_cardinality,0.013528000097721815,8;41;43;44;72;80;109;115;122;164;199,11,11,0,0.55,0.0
80,mean_naive_full_data,signed_square,gamma,1.0,proven_maximum_cardinality,0.026079899864271283,32;70;87;90;93;129;132;135;140;149;153;155;171;179;185,15,13,2,0.65,0.13333333333333333
81,mean_naive_full_data,signed_square,gamma,1.0,proven_maximum_cardinality,0.013531599892303348,26;29;34;41;47;49;92;93;100;104;122;124;135;145;158;165;183,17,17,0,0.85,0.0
82,mean_naive_full_data,signed_square,gamma,1.0,proven_maximum_cardinality,0.028764799935743213,8;40;51;56;57;61;64;65;68;69;72;85;91;106;116;121;125;128;141;159;162;167;183;185,24,17,7,0.85,0.2916666666666667
83,mean_naive_full_data,signed_square,gamma,1.0,proven_maximum_cardinality,0.018294299952685833,45;63;79;95;121;137;148;156;157;163;164;168;170;173;184;187;191,17,17,0,0.85,0.0
84,mean_naive_full_data,signed_square,gamma,1.0,proven_maximum_cardinality,0.016152899945154786,19;28;38;40;48;69;84;95;103;138;139;141;163;170;175;185;194;197;199,19,16,3,0.8,0.15789473684210525
85,mean_naive_full_data,signed_square,gamma,1.0,proven_maximum_cardinality,0.01636300003156066,41;55;76;77;83;107;114;118;127;139;155;157;179;190;198,15,15,0,0.75,0.0
86,mean_naive_full_data,signed_square,gamma,1.0,proven_maximum_cardinality,0.024295999901369214,14;16;56;58;61;72;101;121;127;132;147;152;167;183,14,13,1,0.65,0.07142857142857142
87,mean_naive_full_data,signed_square,gamma,1.0,proven_maximum_cardinality,0.01907719997689128,29;53;67;79;83;84;99;106;119;123;126;128;131;158;173;183;191;196,18,17,1,0.85,0.05555555555555555
88,mean_naive_full_data,signed_square,gamma,1.0,proven_maximum_cardinality,0.01683839992620051,3;51;74;78;86;88;93;96;100;102;116;143;146;151;164;183;185,17,17,0,0.85,0.0
89,mean_naive_full_data,signed_square,gamma,1.0,proven_maximum_cardinality,0.013203600188717246,1;7;16;30;42;57;70;81;90;94;114;126;132;151;162;168,16,13,3,0.65,0.1875
90,mean_naive_full_data,signed_square,gamma,1.0,proven_maximum_cardinality,0.012777000200003386,3;4;35;40;42;43;44;46;57;59;72;76;77;83;89;98;129;133;142;143;155,21,20,1,1.0,0.047619047619047616
91,mean_naive_full_data,signed_square,gamma,1.0,proven_maximum_cardinality,0.012971200048923492,20;41;55;59;68;70;80;82;90;120;157;162;166;174;181;184;192;198,18,17,1,0.85,0.05555555555555555
92,mean_naive_full_data,signed_square,gamma,1.0,proven_maximum_cardinality,0.02981630014255643,1;7;11;33;37;44;73;78;83;133;135;141;172;174;178;179;185,17,15,2,0.75,0.11764705882352941
93,mean_naive_full_data,signed_square,gamma,1.0,proven_maximum_cardinality,0.013852600008249283,5;21;24;25;32;36;52;83;89;100;123;155;180;191,14,12,2,0.6,0.14285714285714285
94,mean_naive_full_data,signed_square,gamma,1.0,proven_maximum_cardinality,0.01828760001808405,41;57;65;67;68;80;81;82;114;133;138;153;162;164;167;185,16,15,1,0.75,0.0625
95,mean_naive_full_data,signed_square,gamma,1.0,proven_maximum_cardinality,0.015486600110307336,10;13;18;21;22;44;49;65;69;91;93;134;156;162;173;178;179;197,18,17,1,0.85,0.05555555555555555
96,mean_naive_full_data,signed_square,gamma,1.0,proven_maximum_cardinality,0.034922200022265315,0;32;61;75;92;97;102;126;134;143;146;156;169;175;177;187,16,14,2,0.7,0.125
97,mean_naive_full_data,signed_square,gamma,1.0,proven_maximum_cardinality,0.028453500010073185,7;16;39;44;47;61;65;77;95;119;144;145;187,13,11,2,0.55,0.15384615384615385
98,mean_naive_full_data,signed_square,gamma,1.0,proven_maximum_cardinality,0.018308299826458097,9;12;14;28;76;119;120;122;123;124;134;144;146;147;157;161;163,17,16,1,0.8,0.058823529411764705
99,mean_naive_full_data,signed_square,gamma,1.0,proven_maximum_cardinality,0.03255130001343787,10;34;50;63;83;91;92;122;123;133;141;147;160;190;196,15,15,0,0.75,0.0
100,mean_naive_full_data,signed_square,gamma,1.0,proven_maximum_cardinality,0.014067400014027953,5;18;39;47;70;79;86;87;91;103;119;124;142;173;183;192;193,17,17,0,0.85,0.0
101,mean_naive_full_data,signed_square,gamma,1.0,proven_maximum_cardinality,0.019191700033843517,33;36;45;57;62;65;76;84;88;89;90;135;141;146;150;160;181,17,14,3,0.7,0.17647058823529413
102,mean_naive_full_data,signed_square,gamma,1.0,proven_maximum_cardinality,0.02228039992041886,12;18;25;34;42;46;68;78;101;108;112;132;161;170;179;187;196,17,16,1,0.8,0.058823529411764705
103,mean_naive_full_data,signed_square,gamma,1.0,proven_maximum_cardinality,0.024577599950134754,9;18;29;61;77;80;93;107;114;132;171;172,12,12,0,0.6,0.0
104,mean_naive_full_data,signed_square,gamma,1.0,proven_maximum_cardinality,0.011001299833878875,20;23;41;45;51;59;60;70;86;94;95;106;139;145;147;152;162;182;188,19,16,3,0.8,0.15789473684210525
105,mean_naive_full_data,signed_square,gamma,1.0,proven_maximum_cardinality,0.010219200048595667,24;42;50;91;97;101;128;131;132;147;159;160;161;170;171;179;188,17,16,1,0.8,0.058823529411764705
106,mean_naive_full_data,signed_square,gamma,1.0,proven_maximum_cardinality,0.00862139998935163,18;66;67;68;73;91;98;99;104;111;163;166;171;185,14,14,0,0.7,0.0
107,mean_naive_full_data,signed_square,gamma,1.0,proven_maximum_cardinality,0.01866689999587834,4;14;41;46;66;71;82;96;111;118;134;135;152;156;159;177,16,14,2,0.7,0.125
108,mean_naive_full_data,signed_square,gamma,1.0,proven_maximum_cardinality,0.014357800129801035,5;6;11;13;17;28;73;84;125;127;128;129;158;176;180,15,15,0,0.75,0.0
109,mean_naive_full_data,signed_square,gamma,1.0,proven_maximum_cardinality,0.019621300045400858,4;5;38;47;77;80;91;121;129;147;154;179;185;187;190,15,12,3,0.6,0.2
110,mean_naive_full_data,signed_square,gamma,1.0,proven_maximum_cardinality,0.02649690001271665,11;22;35;38;39;82;92;102;132;171;186;195,12,11,1,0.55,0.08333333333333333
111,mean_naive_full_data,signed_square,gamma,1.0,proven_maximum_cardinality,0.020078000146895647,11;14;23;30;43;55;58;69;73;75;77;88;95;108;121;151;165;177;179,19,18,1,0.9,0.05263157894736842
112,mean_naive_full_data,signed_square,gamma,1.0,proven_maximum_cardinality,0.022403599927201867,13;26;34;43;53;62;79;80;110;114;129;133;144;156;174;176;179,17,15,2,0.75,0.11764705882352941
113,mean_naive_full_data,signed_square,gamma,1.0,proven_maximum_cardinality,0.0116973000112921,1;25;36;69;86;87;114;129;141;174;176;196,12,10,2,0.5,0.16666666666666666
114,mean_naive_full_data,signed_square,gamma,1.0,proven_maximum_cardinality,0.0133586002048105,6;37;40;43;80;86;100;102;107;115;116;121;135;162;166;186;194;199,18,17,1,0.85,0.05555555555555555
115,mean_naive_full_data,signed_square,gamma,1.0,proven_maximum_cardinality,0.009198100073263049,38;42;65;72;77;92;124;131;133;138;145;164;166,13,13,0,0.65,0.0
116,mean_naive_full_data,signed_square,gamma,1.0,proven_maximum_cardinality,0.010334900114685297,51;55;81;86;89;108;110;112;126;128;136;137;154;157;164;168;190,17,15,2,0.75,0.11764705882352941
117,mean_naive_full_data,signed_square,gamma,1.0,proven_maximum_cardinality,0.01795270014554262,1;9;18;20;41;42;53;66;69;71;74;84;87;112;120;125;142;163;172;173,20,16,4,0.8,0.2
118,mean_naive_full_data,signed_square,gamma,1.0,proven_maximum_cardinality,0.012095400132238865,14;19;27;32;33;44;62;64;66;72;75;89;122;126;131;166;172;184;190;191,20,20,0,1.0,0.0
119,mean_naive_full_data,signed_square,gamma,1.0,proven_maximum_cardinality,0.035252399975433946,23;24;37;44;59;63;81;94;95;98;117;138;144;152;155;157;172;176;193,19,15,4,0.75,0.21052631578947367
120,mean_naive_full_data,signed_square,gamma,1.0,proven_maximum_cardinality,0.01908999984152615,0;5;9;18;29;66;69;83;84;87;105;109;127;130;188;191,16,13,3,0.65,0.1875
121,mean_naive_full_data,signed_square,gamma,1.0,proven_maximum_cardinality,0.022165500093251467,6;20;35;38;49;88;95;98;101;112;136;161;167;175;176;193;197,17,16,1,0.8,0.058823529411764705
122,mean_naive_full_data,signed_square,gamma,1.0,proven_maximum_cardinality,0.027353200130164623,8;9;23;31;48;53;63;73;75;94;95;129;146;170;173;195,16,15,1,0.75,0.0625
123,mean_naive_full_data,signed_square,gamma,1.0,proven_maximum_cardinality,0.012473300099372864,5;11;22;37;40;57;75;89;103;109;119;137;167;183,14,13,1,0.65,0.07142857142857142
124,mean_naive_full_data,signed_square,gamma,1.0,proven_maximum_cardinality,0.01813640003092587,7;27;61;70;78;106;109;112;134;137;141;142;163;167;175;181,16,16,0,0.8,0.0
125,mean_naive_full_data,signed_square,gamma,1.0,proven_maximum_cardinality,0.03065910004079342,3;34;35;40;49;55;63;64;78;94;100;106;111;116;139;142;143;153;181;185,20,18,2,0.9,0.1
126,mean_naive_full_data,signed_square,gamma,1.0,proven_maximum_cardinality,0.027551099890843034,3;45;63;73;84;87;88;107;118;140;150;160;162;171;184;185;186;189;194,19,16,3,0.8,0.15789473684210525
127,mean_naive_full_data,signed_square,gamma,1.0,proven_maximum_cardinality,0.02359719993546605,40;61;72;75;76;85;97;115;117;133;141;143;147;199,14,13,1,0.65,0.07142857142857142
128,mean_naive_full_data,signed_square,gamma,1.0,proven_maximum_cardinality,0.016748900059610605,3;7;12;15;31;47;68;91;92;95;149;182;190,13,13,0,0.65,0.0
129,mean_naive_full_data,signed_square,gamma,1.0,proven_maximum_cardinality,0.029242200078442693,0;16;26;51;61;81;117;126;128;144;152;168;193,13,13,0,0.65,0.0
130,mean_naive_full_data,signed_square,gamma,1.0,proven_maximum_cardinality,0.02461379999294877,35;40;46;53;60;95;96;104;109;110;115;129;137;143;145;152;153;156;158;159;196,21,17,4,0.85,0.19047619047619047
131,mean_naive_full_data,signed_square,gamma,1.0,proven_maximum_cardinality,0.01324959984049201,2;39;50;57;61;62;63;71;75;90;136;149;174;175;185;188;195;197,18,17,1,0.85,0.05555555555555555
132,mean_naive_full_data,signed_square,gamma,1.0,proven_maximum_cardinality,0.016885700169950724,3;34;43;57;85;99;100;107;109;124;132;150;160,13,11,2,0.55,0.15384615384615385
133,mean_naive_full_data,signed_square,gamma,1.0,proven_maximum_cardinality,0.021077800076454878,1;5;10;16;29;40;52;66;99;107;127;140;158;183;198,15,14,1,0.7,0.06666666666666667
134,mean_naive_full_data,signed_square,gamma,1.0,proven_maximum_cardinality,0.01713820011354983,14;38;39;44;47;67;86;99;102;107;127;152;163;182;184;196,16,16,0,0.8,0.0
135,mean_naive_full_data,signed_square,gamma,1.0,proven_maximum_cardinality,0.03517980012111366,10;23;24;38;40;43;55;56;60;73;83;85;116;117;119;129;140;151;174;183;197,21,18,3,0.9,0.14285714285714285
136,mean_naive_full_data,signed_square,gamma,1.0,proven_maximum_cardinality,0.024155299877747893,8;20;23;26;53;55;56;64;86;87;93;99;100;132;148;171,16,15,1,0.75,0.0625
137,mean_naive_full_data,signed_square,gamma,1.0,proven_maximum_cardinality,0.019362200051546097,7;10;18;34;35;36;39;47;55;57;60;63;74;115;136;156;157;158;195;196,20,18,2,0.9,0.1
138,mean_naive_full_data,signed_square,gamma,1.0,proven_maximum_cardinality,0.019604099914431572,6;20;22;87;90;112;119;121;144;149;151;152;174;176;183,15,14,1,0.7,0.06666666666666667
139,mean_naive_full_data,signed_square,gamma,1.0,proven_maximum_cardinality,0.035431299824267626,10;24;32;33;38;44;59;69;91;94;113;114;122;133;195,15,13,2,0.65,0.13333333333333333
140,mean_naive_full_data,signed_square,gamma,1.0,proven_maximum_cardinality,0.02093350002542138,3;35;36;66;72;79;86;87;95;97;104;107;138;141;153;155;176;196,18,16,2,0.8,0.1111111111111111
141,mean_naive_full_data,signed_square,gamma,1.0,proven_maximum_cardinality,0.017486399970948696,18;33;69;73;102;127;137;155;161;186;187;197;199,13,12,1,0.6,0.07692307692307693
142,mean_naive_full_data,signed_square,gamma,1.0,proven_maximum_cardinality,0.017542999936267734,20;21;47;62;65;70;93;101;108;114;115;124;130;132;134;142;174;180;191;197,20,20,0,1.0,0.0
143,mean_naive_full_data,signed_square,gamma,1.0,proven_maximum_cardinality,0.0217480999417603,17;18;22;23;29;38;41;65;82;91;106;108;187;192,14,13,1,0.65,0.07142857142857142
144,mean_naive_full_data,signed_square,gamma,1.0,proven_maximum_cardinality,0.016228599939495325,5;10;15;52;75;106;120;135;164;170;194,11,9,2,0.45,0.18181818181818182
145,mean_naive_full_data,signed_square,gamma,1.0,proven_maximum_cardinality,0.020527099957689643,13;29;36;40;62;83;102;104;117;133;137;146;154;156;178;197,16,16,0,0.8,0.0
146,mean_naive_full_data,signed_square,gamma,1.0,proven_maximum_cardinality,0.013886100146919489,7;13;17;18;49;52;67;97;98;100;105;117;143;159;172;186,16,14,2,0.7,0.125
147,mean_naive_full_data,signed_square,gamma,1.0,proven_maximum_cardinality,0.021304500056430697,17;26;32;34;57;83;97;104;108;115;116;119;153;156;160;167;175;179;197,19,17,2,0.85,0.10526315789473684
148,mean_naive_full_data,signed_square,gamma,1.0,proven_maximum_cardinality,0.010932000121101737,1;8;10;12;42;44;50;59;67;87;96;109;134;158;160;189,16,16,0,0.8,0.0
149,mean_naive_full_data,signed_square,gamma,1.0,proven_maximum_cardinality,0.011262499960139394,3;17;30;37;43;56;63;92;111;112;115;143;148;161;168;170;187;198,18,17,1,0.85,0.05555555555555555
150,mean_naive_full_data,signed_square,gamma,1.0,proven_maximum_cardinality,0.013558399863541126,4;23;40;53;66;73;90;106;110;118;133;136;150;151;159;180,16,15,1,0.75,0.0625
151,mean_naive_full_data,signed_square,gamma,1.0,proven_maximum_cardinality,0.014961599837988615,0;12;38;47;49;53;72;84;91;117;120;122;128;141;150;155;156;170;196,19,17,2,0.85,0.10526315789473684
152,mean_naive_full_data,signed_square,gamma,1.0,proven_maximum_cardinality,0.012828500010073185,12;14;24;34;49;51;73;105;124;134;135;148;159;180;187;189;194;197,18,17,1,0.85,0.05555555555555555
153,mean_naive_full_data,signed_square,gamma,1.0,proven_maximum_cardinality,0.014489100081846118,19;30;46;67;68;88;101;129;134;139;144;146;174;184,14,14,0,0.7,0.0
154,mean_naive_full_data,signed_square,gamma,1.0,proven_maximum_cardinality,0.009643600089475513,13;16;42;43;46;62;72;74;78;82;90;122;125;129;133;134;151;172,18,17,1,0.85,0.05555555555555555
155,mean_naive_full_data,signed_square,gamma,1.0,proven_maximum_cardinality,0.01749040000140667,4;10;15;37;43;66;70;78;87;103;107;115;123;139;171;186;195;197;198,19,16,3,0.8,0.15789473684210525
156,mean_naive_full_data,signed_square,gamma,1.0,proven_maximum_cardinality,0.017461500130593777,1;12;22;26;44;51;79;86;114;115;133;152;153;154;174,15,15,0,0.75,0.0
157,mean_naive_full_data,signed_square,gamma,1.0,proven_maximum_cardinality,0.008648199960589409,0;9;29;30;60;65;99;111;112;116;124;143;178;180,14,14,0,0.7,0.0
158,mean_naive_full_data,signed_square,gamma,1.0,proven_maximum_cardinality,0.01371799991466105,4;5;16;21;28;35;52;65;86;91;107;111;118;143;155;178,16,15,1,0.75,0.0625
159,mean_naive_full_data,signed_square,gamma,1.0,proven_maximum_cardinality,0.019521000096574426,4;25;35;44;63;78;92;108;114;118;123;133;161;167,14,14,0,0.7,0.0
160,mean_naive_full_data,signed_square,gamma,1.0,proven_maximum_cardinality,0.010232900036498904,9;30;31;37;40;59;73;83;90;105;124;127;131;134;151;155;163;178;196,19,18,1,0.9,0.05263157894736842
161,mean_naive_full_data,signed_square,gamma,1.0,proven_maximum_cardinality,0.009889499982818961,1;28;52;55;81;83;92;94;96;113;122;133;160;183;186;191,16,16,0,0.8,0.0
162,mean_naive_full_data,signed_square,gamma,1.0,proven_maximum_cardinality,0.016935199964791536,5;28;40;42;58;73;80;84;108;125;141;162;166;190,14,14,0,0.7,0.0
163,mean_naive_full_data,signed_square,gamma,1.0,proven_maximum_cardinality,0.022423099959269166,7;10;17;22;32;46;56;110;113;122;123;156;185,13,12,1,0.6,0.07692307692307693
164,mean_naive_full_data,signed_square,gamma,1.0,proven_maximum_cardinality,0.022809599991887808,3;69;73;81;95;105;112;161;183;190,10,8,2,0.4,0.2
165,mean_naive_full_data,signed_square,gamma,1.0,proven_maximum_cardinality,0.01898789987899363,24;33;34;42;54;77;78;90;92;96;104;111;133;134;137;142;165;183,18,17,1,0.85,0.05555555555555555
166,mean_naive_full_data,signed_square,gamma,1.0,proven_maximum_cardinality,0.020032300148159266,9;10;14;30;33;40;48;93;111;121;129;133;143;144;145;148;149;167;190;194;199,21,20,1,1.0,0.047619047619047616
167,mean_naive_full_data,signed_square,gamma,1.0,proven_maximum_cardinality,0.011377899907529354,6;8;21;32;36;40;55;66;85;86;93;107;110;117;130;164;180,17,14,3,0.7,0.17647058823529413
168,mean_naive_full_data,signed_square,gamma,1.0,proven_maximum_cardinality,0.01886690012179315,31;35;55;63;67;75;93;94;100;103;105;121;148;161;163;169;172,17,17,0,0.85,0.0
169,mean_naive_full_data,signed_square,gamma,1.0,proven_maximum_cardinality,0.01684299996122718,1;4;19;37;47;48;87;92;94;110;111;120;123;171;173;180;184;192;197,19,17,2,0.85,0.10526315789473684
170,mean_naive_full_data,signed_square,gamma,1.0,proven_maximum_cardinality,0.024395199958235025,15;16;47;61;66;78;103;140;153;173;176;197,12,11,1,0.55,0.08333333333333333
171,mean_naive_full_data,signed_square,gamma,1.0,proven_maximum_cardinality,0.016866400139406323,6;16;29;60;64;72;89;113;120;128;135;154;159;168;182;183;193,17,17,0,0.85,0.0
172,mean_naive_full_data,signed_square,gamma,1.0,proven_maximum_cardinality,0.01877650013193488,0;17;25;71;82;94;105;116;120;139;156;191;199,13,13,0,0.65,0.0
173,mean_naive_full_data,signed_square,gamma,1.0,proven_maximum_cardinality,0.015416599810123444,13;27;37;60;62;84;94;118;126;135;136;137;145;163;165;178;179;189;193,19,19,0,0.95,0.0
174,mean_naive_full_data,signed_square,gamma,1.0,proven_maximum_cardinality,0.021707399981096387,1;10;36;41;53;62;67;68;71;74;109;124;126;153;160;183;189;192,18,16,2,0.8,0.1111111111111111
175,mean_naive_full_data,signed_square,gamma,1.0,proven_maximum_cardinality,0.032617200165987015,8;17;31;34;40;41;78;79;108;109;114;119;133;141;143;148;152;178;183;189,20,16,4,0.8,0.2
176,mean_naive_full_data,signed_square,gamma,1.0,proven_maximum_cardinality,0.023753999965265393,10;21;24;33;46;52;82;89;91;104;128;134;137;151;152;153;161;164;178,19,17,2,0.85,0.10526315789473684
177,mean_naive_full_data,signed_square,gamma,1.0,proven_maximum_cardinality,0.014951900113373995,1;23;31;70;73;84;87;100;113;130;131,11,11,0,0.55,0.0
178,mean_naive_full_data,signed_square,gamma,1.0,proven_maximum_cardinality,0.017708899918943644,36;69;88;97;119;122;124;134;147;159;163;173;189;197;198,15,14,1,0.7,0.06666666666666667
179,mean_naive_full_data,signed_square,gamma,1.0,proven_maximum_cardinality,0.01955030020326376,19;20;25;39;43;46;48;106;117;131;135;140;149;150;155;163;174;187,18,14,4,0.7,0.2222222222222222
180,mean_naive_full_data,signed_square,gamma,1.0,proven_maximum_cardinality,0.013841999927535653,4;6;10;23;31;41;70;89;90;136;142;152;158;183;191,15,15,0,0.75,0.0
181,mean_naive_full_data,signed_square,gamma,1.0,proven_maximum_cardinality,0.01963470014743507,17;21;24;32;43;52;63;91;120;127;156;165;176;177;184;187;197;198,18,17,1,0.85,0.05555555555555555
182,mean_naive_full_data,signed_square,gamma,1.0,proven_maximum_cardinality,0.022423099959269166,1;2;13;18;23;34;38;45;54;73;74;85;96;99;102;109;120;165;172;195,20,18,2,0.9,0.1
183,mean_naive_full_data,signed_square,gamma,1.0,proven_maximum_cardinality,0.014857100090011954,7;8;19;28;38;62;66;70;90;96;97;100;102;141,14,14,0,0.7,0.0
184,mean_naive_full_data,signed_square,gamma,1.0,proven_maximum_cardinality,0.011800300097092986,10;32;38;44;45;46;63;66;67;74;109;123;146;151;159;161;167;176;190;194,20,18,2,0.9,0.1
185,mean_naive_full_data,signed_square,gamma,1.0,proven_maximum_cardinality,0.024503699969500303,19;23;34;39;43;45;64;100;173;187;188;196;199,13,12,1,0.6,0.07692307692307693
186,mean_naive_full_data,signed_square,gamma,1.0,proven_maximum_cardinality,0.019098199903964996,0;14;18;47;53;54;81;83;86;97;110;134;138;140;158;162;174;181;198,19,18,1,0.9,0.05263157894736842
187,mean_naive_full_data,signed_square,gamma,1.0,proven_maximum_cardinality,0.020383400144055486,1;7;19;74;80;96;106;116;135;136;150;151;154;177;181,15,15,0,0.75,0.0
188,mean_naive_full_data,signed_square,gamma,1.0,proven_maximum_cardinality,0.01854799990542233,20;44;80;82;125;132;154;155;159;163;180;182;189;191,14,13,1,0.65,0.07142857142857142
189,mean_naive_full_data,signed_square,gamma,1.0,proven_maximum_cardinality,0.01618669996969402,9;17;44;45;46;56;59;63;72;81;105;145;146;168;189,15,14,1,0.7,0.06666666666666667
190,mean_naive_full_data,signed_square,gamma,1.0,proven_maximum_cardinality,0.03238340001553297,4;16;23;28;64;65;74;75;77;97;105;124;125;126;147;188;190,17,16,1,0.8,0.058823529411764705
191,mean_naive_full_data,signed_square,gamma,1.0,proven_maximum_cardinality,0.017234800150617957,3;28;31;33;57;67;68;75;81;97;106;159;169;174;178;193,16,15,1,0.75,0.0625
192,mean_naive_full_data,signed_square,gamma,1.0,proven_maximum_cardinality,0.03880709991790354,5;22;32;42;56;91;106;137;168;172;174;180;192;194,14,14,0,0.7,0.0
193,mean_naive_full_data,signed_square,gamma,1.0,proven_maximum_cardinality,0.019022300140932202,29;56;66;78;91;124;134;136;143;152;170;192,12,12,0,0.6,0.0
194,mean_naive_full_data,signed_square,gamma,1.0,proven_maximum_cardinality,0.017739799804985523,7;16;24;33;43;45;52;55;70;75;78;128;135;154;163;166;178,17,13,4,0.65,0.23529411764705882
195,mean_naive_full_data,signed_square,gamma,1.0,proven_maximum_cardinality,0.043123200070112944,19;24;32;62;79;103;115;127;130;152;154;157;180,13,12,1,0.6,0.07692307692307693
196,mean_naive_full_data,signed_square,gamma,1.0,proven_maximum_cardinality,0.02518310002051294,3;7;43;54;74;87;99;101;125;137;142;148;159,13,13,0,0.65,0.0
197,mean_naive_full_data,signed_square,gamma,1.0,proven_maximum_cardinality,0.022560799960047007,2;15;33;41;46;47;60;82;98;109;114;173;178,13,12,1,0.6,0.07692307692307693
198,mean_naive_full_data,signed_square,gamma,1.0,proven_maximum_cardinality,0.025041300104930997,2;5;35;61;76;91;100;117;134;146;147;150;166;169;193,15,12,3,0.6,0.2
199,mean_naive_full_data,signed_square,gamma,1.0,proven_maximum_cardinality,0.010910300072282553,3;10;11;18;34;37;41;64;85;101;104;119;126;133;136;143;147;172;189;191,20,17,3,0.85,0.15
200,mean_naive_full_data,signed_square,gamma,1.0,proven_maximum_cardinality,0.013983499957248569,16;17;28;71;84;86;87;89;97;102;114;115;146;150;173;198;199,17,15,2,0.75,0.11764705882352941
201,mean_naive_full_data,signed_square,gamma,1.0,proven_maximum_cardinality,0.019124899990856647,14;18;34;35;51;55;66;67;76;84;103;104;112;116;157;162;180;188;198;199,20,15,5,0.75,0.25
202,mean_naive_full_data,signed_square,gamma,1.0,proven_maximum_cardinality,0.009961700066924095,4;8;11;17;27;39;58;62;63;73;86;99;104;128;142;157;174;195,18,17,1,0.85,0.05555555555555555
203,mean_naive_full_data,signed_square,gamma,1.0,proven_maximum_cardinality,0.02284019999206066,4;11;14;15;25;41;69;77;84;87;113;122;128;149;158;160;161;190;192;197,20,18,2,0.9,0.1
204,mean_naive_full_data,signed_square,gamma,1.0,proven_maximum_cardinality,0.02324469992890954,9;16;54;58;81;83;85;109;141;148;160,11,11,0,0.55,0.0
205,mean_naive_full_data,signed_square,gamma,1.0,proven_maximum_cardinality,0.01726199989207089,7;28;37;50;60;62;66;76;88;96;133;135;168;170;183;192,16,16,0,0.8,0.0
206,mean_naive_full_data,signed_square,gamma,1.0,proven_maximum_cardinality,0.013911999994888902,0;28;71;73;76;77;99;100;106;112;122;123;125;134;141;143;152;181,18,18,0,0.9,0.0
207,mean_naive_full_data,signed_square,gamma,1.0,proven_maximum_cardinality,0.02872659987770021,4;8;13;29;35;40;59;61;75;104;121;155;170;174;194,15,13,2,0.65,0.13333333333333333
208,mean_naive_full_data,signed_square,gamma,1.0,proven_maximum_cardinality,0.019878100138157606,0;5;8;11;37;56;93;94;96;133;135;146;147;149,14,13,1,0.65,0.07142857142857142
209,mean_naive_full_data,signed_square,gamma,1.0,proven_maximum_cardinality,0.02224770002067089,16;32;53;56;77;109;119;153;161;166;170;177;197,13,13,0,0.65,0.0
210,mean_naive_full_data,signed_square,gamma,1.0,proven_maximum_cardinality,0.006822499912232161,3;8;14;19;77;80;81;84;101;155;160;174;176;190;193,15,15,0,0.75,0.0
211,mean_naive_full_data,signed_square,gamma,1.0,proven_maximum_cardinality,0.011795500060543418,6;7;9;10;14;16;51;68;88;131;142;147;171;176;179;199,16,16,0,0.8,0.0
212,mean_naive_full_data,signed_square,gamma,1.0,proven_maximum_cardinality,0.012278599897399545,4;6;18;23;30;41;43;51;52;60;98;111;120;128;137;158;162;186,18,16,2,0.8,0.1111111111111111
213,mean_naive_full_data,signed_square,gamma,1.0,proven_maximum_cardinality,0.03786159981973469,18;23;27;28;29;40;66;71;75;79;92;106;111;113;116;125;127;132;136,19,18,1,0.9,0.05263157894736842
214,mean_naive_full_data,signed_square,gamma,1.0,proven_maximum_cardinality,0.023231599945575,17;31;59;70;89;92;98;134;142;158;159;165;174;195,14,13,1,0.65,0.07142857142857142
215,mean_naive_full_data,signed_square,gamma,1.0,proven_maximum_cardinality,0.011126399971544743,7;17;18;29;30;38;41;46;55;73;80;110;129;134;146;148;177;194;198,19,19,0,0.95,0.0
216,mean_naive_full_data,signed_square,gamma,1.0,proven_maximum_cardinality,0.02753420011140406,0;13;34;42;43;55;79;82;88;102;105;113;114;115;150;198,16,15,1,0.75,0.0625
217,mean_naive_full_data,signed_square,gamma,1.0,proven_maximum_cardinality,0.03726990008726716,3;18;47;56;60;62;66;77;95;140;145;149;152;153;174;175;177;183;188,19,14,5,0.7,0.2631578947368421
218,mean_naive_full_data,signed_square,gamma,1.0,proven_maximum_cardinality,0.01907699997536838,1;14;25;35;45;51;60;73;75;76;93;110;111;113;129;143;194,17,17,0,0.85,0.0
219,mean_naive_full_data,signed_square,gamma,1.0,proven_maximum_cardinality,0.018869099905714393,81;100;105;110;125;128;136;143;154;161;177;179,12,12,0,0.6,0.0
220,mean_naive_full_data,signed_square,gamma,1.0,proven_maximum_cardinality,0.019639699952676892,0;6;8;14;15;52;71;85;93;108;116;172;183,13,12,1,0.6,0.07692307692307693
221,mean_naive_full_data,signed_square,gamma,1.0,proven_maximum_cardinality,0.01245000003837049,6;14;17;19;44;47;50;84;90;117;121;123;127;161;189;195,16,16,0,0.8,0.0
222,mean_naive_full_data,signed_square,gamma,1.0,proven_maximum_cardinality,0.008574299979954958,10;19;20;23;28;34;38;44;75;105;117;118;119;135;148;160;163;169;186,19,19,0,0.95,0.0
223,mean_naive_full_data,signed_square,gamma,1.0,proven_maximum_cardinality,0.011805000016465783,27;36;55;88;90;111;116;119;134;157;161;167;183;190;193;194;197;199,18,18,0,0.9,0.0
224,mean_naive_full_data,signed_square,gamma,1.0,proven_maximum_cardinality,0.010046400129795074,3;4;18;45;49;65;77;91;106;114;118;137;144;162;193,15,15,0,0.75,0.0
225,mean_naive_full_data,signed_square,gamma,1.0,proven_maximum_cardinality,0.014218500116840005,12;35;45;59;85;87;93;119;125;152;160;167;180;183;194;199,16,14,2,0.7,0.125
226,mean_naive_full_data,signed_square,gamma,1.0,proven_maximum_cardinality,0.02869160007685423,8;14;52;66;77;84;97;111;122;124;143;174;181;191,14,12,2,0.6,0.14285714285714285
227,mean_naive_full_data,signed_square,gamma,1.0,proven_maximum_cardinality,0.022719600005075336,6;34;40;44;61;68;80;113;123;124;142;148;157;174;175;178;183,17,15,2,0.75,0.11764705882352941
228,mean_naive_full_data,signed_square,gamma,1.0,proven_maximum_cardinality,0.010986300185322762,8;9;23;35;62;68;73;80;81;96;116;126;129;146;154;155;160,17,15,2,0.75,0.11764705882352941
229,mean_naive_full_data,signed_square,gamma,1.0,proven_maximum_cardinality,0.028089699801057577,22;25;26;58;73;103;114;126;127;131;144;167;168;174;195,15,13,2,0.65,0.13333333333333333
230,mean_naive_full_data,signed_square,gamma,1.0,proven_maximum_cardinality,0.025433299830183387,26;59;63;72;76;95;129;132;142;156;179;184;195,13,11,2,0.55,0.15384615384615385
231,mean_naive_full_data,signed_square,gamma,1.0,proven_maximum_cardinality,0.013532300014048815,1;22;34;52;53;61;82;91;99;109;131;139;148;157;183;193;199,17,16,1,0.8,0.058823529411764705
232,mean_naive_full_data,signed_square,gamma,1.0,proven_maximum_cardinality,0.04324469994753599,29;50;68;79;80;118;123;143;152;162;163;168;179;181,14,13,1,0.65,0.07142857142857142
233,mean_naive_full_data,signed_square,gamma,1.0,proven_maximum_cardinality,0.010121599771082401,6;13;38;43;54;56;86;91;114;123;154;155;159;180;189,15,15,0,0.75,0.0
234,mean_naive_full_data,signed_square,gamma,1.0,proven_maximum_cardinality,0.01873769983649254,2;8;11;19;30;53;72;75;77;93;108;115;116;139;147;151;164;170;188;191,20,19,1,0.95,0.05
235,mean_naive_full_data,signed_square,gamma,1.0,proven_maximum_cardinality,0.026949899969622493,9;14;15;16;17;25;27;69;100;108;117;118;127;150;151;163;175;176,18,14,4,0.7,0.2222222222222222
236,mean_naive_full_data,signed_square,gamma,1.0,proven_maximum_cardinality,0.018612700048834085,3;6;38;40;41;78;89;102;106;119;132;136;142;170;177;181;192,17,16,1,0.8,0.058823529411764705
237,mean_naive_full_data,signed_square,gamma,1.0,proven_maximum_cardinality,0.024430799996480346,18;33;35;40;42;47;67;72;78;80;88;94;100;123;144;147;151;155;191;198,20,17,3,0.85,0.15
238,mean_naive_full_data,signed_square,gamma,1.0,proven_maximum_cardinality,0.013579699909314513,2;24;46;75;82;95;98;109;118;120;124;163;175;182;185;193,16,15,1,0.75,0.0625
239,mean_naive_full_data,signed_square,gamma,1.0,proven_maximum_cardinality,0.012016599997878075,10;12;35;39;68;77;90;91;102;131;138;150;154;167;186,15,15,0,0.75,0.0
240,mean_naive_full_data,signed_square,gamma,1.0,proven_maximum_cardinality,0.029885300202295184,17;18;20;21;29;31;50;64;77;78;86;97;99;114;122;132;182,17,16,1,0.8,0.058823529411764705
241,mean_naive_full_data,signed_square,gamma,1.0,proven_maximum_cardinality,0.022225999971851707,10;18;20;40;43;71;77;136;137;138;149;157;161;163;174;176;195,17,15,2,0.75,0.11764705882352941
242,mean_naive_full_data,signed_square,gamma,1.0,proven_maximum_cardinality,0.011225100141018629,19;52;53;54;55;65;72;76;88;116;121;125;129;135;138;145;161;170;187,19,18,1,0.9,0.05263157894736842
243,mean_naive_full_data,signed_square,gamma,1.0,proven_maximum_cardinality,0.017626600107178092,8;20;22;54;55;81;101;113;116;140;149;153;163;178;192;194;196,17,16,1,0.8,0.058823529411764705
244,mean_naive_full_data,signed_square,gamma,1.0,proven_maximum_cardinality,0.024382200092077255,6;14;32;34;38;46;60;62;97;100;119;130;131;132;135;169;171;181;189,19,16,3,0.8,0.15789473684210525
245,mean_naive_full_data,signed_square,gamma,1.0,proven_maximum_cardinality,0.018157500075176358,11;12;30;35;49;54;60;73;81;92;95;101;104;137;156;162;184;191,18,14,4,0.7,0.2222222222222222
246,mean_naive_full_data,signed_square,gamma,1.0,proven_maximum_cardinality,0.024830100126564503,28;32;39;76;83;87;97;106;114;122;129;130;133;137;141;162;168,17,16,1,0.8,0.058823529411764705
247,mean_naive_full_data,signed_square,gamma,1.0,proven_maximum_cardinality,0.015845200046896935,9;22;34;51;58;65;108;120;126;127;128;148;155;161;163;176;177;195,18,18,0,0.9,0.0
248,mean_naive_full_data,signed_square,gamma,1.0,proven_maximum_cardinality,0.013308699941262603,14;34;36;46;47;53;66;94;95;96;106;109;110;133;145;176,16,16,0,0.8,0.0
249,mean_naive_full_data,signed_square,gamma,1.0,proven_maximum_cardinality,0.023928399896249175,15;23;32;47;48;49;58;129;134;141;143;144;151;152;161;180;185;187;193;198,20,17,3,0.85,0.15
250,mean_naive_full_data,signed_square,gamma,1.0,proven_maximum_cardinality,0.019115100149065256,1;3;11;44;58;62;65;68;73;115;120;131;134;154;157;158;167;181,18,15,3,0.75,0.16666666666666666
251,mean_naive_full_data,signed_square,gamma,1.0,proven_maximum_cardinality,0.011322400067001581,26;35;82;88;89;90;92;104;107;111;113;120;121;138;169;174;192;194,18,16,2,0.8,0.1111111111111111
252,mean_naive_full_data,signed_square,gamma,1.0,proven_maximum_cardinality,0.011713099898770452,32;37;51;56;61;66;73;107;115;116;155;159;179;198;199,15,15,0,0.75,0.0
253,mean_naive_full_data,signed_square,gamma,1.0,proven_maximum_cardinality,0.009078299859538674,4;27;43;65;71;82;101;106;120;138;139;146;153;171;179;181;198,17,15,2,0.75,0.11764705882352941
254,mean_naive_full_data,signed_square,gamma,1.0,proven_maximum_cardinality,0.01653010002337396,1;2;13;32;84;85;98;101;124;140;157;161;165;193;194,15,14,1,0.7,0.06666666666666667
255,mean_naive_full_data,signed_square,gamma,1.0,proven_maximum_cardinality,0.015303999884054065,18;33;34;36;38;74;94;97;98;104;143;148;168;171,14,13,1,0.65,0.07142857142857142
256,mean_naive_full_data,signed_square,gamma,1.0,proven_maximum_cardinality,0.019225700059905648,2;8;17;42;44;46;52;61;63;82;85;93;98;110;134;135;137;151;156;179,20,17,3,0.85,0.15
257,mean_naive_full_data,signed_square,gamma,1.0,proven_maximum_cardinality,0.013197199907153845,37;48;55;58;60;66;71;107;126;132;168;171;173;175;189,15,14,1,0.7,0.06666666666666667
258,mean_naive_full_data,signed_square,gamma,1.0,proven_maximum_cardinality,0.013036299962550402,3;27;31;45;59;66;81;83;92;109;113;117;171;180,14,14,0,0.7,0.0
259,mean_naive_full_data,signed_square,gamma,1.0,proven_maximum_cardinality,0.014431799994781613,0;4;14;20;54;64;65;67;77;80;103;120;122;154;170;199,16,15,1,0.75,0.0625
260,mean_naive_full_data,signed_square,gamma,1.0,proven_maximum_cardinality,0.0202373000793159,4;26;33;36;41;44;61;64;96;112;125;127;129;132;133;134;150;159;176;184,20,18,2,0.9,0.1
261,mean_naive_full_data,signed_square,gamma,1.0,proven_maximum_cardinality,0.010204199934378266,16;27;50;61;69;75;93;109;111;116;134;149;152;194,14,14,0,0.7,0.0
262,mean_naive_full_data,signed_square,gamma,1.0,proven_maximum_cardinality,0.01187080005183816,7;13;43;46;66;74;82;98;132;135;150;156;157;163;167;168;176;182;186;188;199,21,19,2,0.95,0.09523809523809523
263,mean_naive_full_data,signed_square,gamma,1.0,proven_maximum_cardinality,0.006650000112131238,8;11;19;34;66;67;90;106;138;140;142;158;159;161;177;181;191;196;197,19,19,0,0.95,0.0
264,mean_naive_full_data,signed_square,gamma,1.0,proven_maximum_cardinality,0.010507799917832017,6;16;45;64;91;104;106;117;122;134;142;146;151;159;166;199,16,16,0,0.8,0.0
265,mean_naive_full_data,signed_square,gamma,1.0,proven_maximum_cardinality,0.023016100050881505,9;32;46;49;57;67;75;84;86;87;96;113;115;130;141;163,16,16,0,0.8,0.0
266,mean_naive_full_data,signed_square,gamma,1.0,proven_maximum_cardinality,0.011803500121459365,5;15;25;46;54;74;98;102;107;114;123;130;137;145;151;162;167;179;194,19,19,0,0.95,0.0
267,mean_naive_full_data,signed_square,gamma,1.0,proven_maximum_cardinality,0.015308000147342682,12;23;30;33;45;47;55;76;81;94;97;99;110;123;130;139;146;156;168;192,20,17,3,0.85,0.15
268,mean_naive_full_data,signed_square,gamma,1.0,proven_maximum_cardinality,0.01821510004810989,3;10;22;35;40;44;114;123;130;136;146;159;161;163;195,15,14,1,0.7,0.06666666666666667
269,mean_naive_full_data,signed_square,gamma,1.0,proven_maximum_cardinality,0.01047220011241734,2;13;21;25;26;28;32;50;57;72;73;78;104;122;146;151;162;166;172,19,17,2,0.85,0.10526315789473684
270,mean_naive_full_data,signed_square,gamma,1.0,proven_maximum_cardinality,0.02504309988580644,15;16;34;37;48;71;76;78;87;109;123;134;160;187;188,15,15,0,0.75,0.0
271,mean_naive_full_data,signed_square,gamma,1.0,proven_maximum_cardinality,0.019187300000339746,8;19;20;33;61;72;73;77;86;96;109;118;122;138;140;160;199,17,16,1,0.8,0.058823529411764705
272,mean_naive_full_data,signed_square,gamma,1.0,proven_maximum_cardinality,0.0170652000233531,17;29;33;37;63;73;89;106;120;121;143;155;157;174;175;176,16,16,0,0.8,0.0
273,mean_naive_full_data,signed_square,gamma,1.0,proven_maximum_cardinality,0.018727799877524376,9;13;29;33;47;57;60;63;81;84;119;136;138;163;167,15,14,1,0.7,0.06666666666666667
274,mean_naive_full_data,signed_square,gamma,1.0,proven_maximum_cardinality,0.018230099929496646,8;30;37;55;60;98;127;132;137;140;141;146;158;170;181,15,14,1,0.7,0.06666666666666667
275,mean_naive_full_data,signed_square,gamma,1.0,proven_maximum_cardinality,0.018186199944466352,22;35;46;49;50;54;64;67;83;95;100;131;139;170;176,15,14,1,0.7,0.06666666666666667
276,mean_naive_full_data,signed_square,gamma,1.0,proven_maximum_cardinality,0.013861000072211027,1;2;15;29;32;34;39;40;48;55;107;108;168;186;187;199,16,16,0,0.8,0.0
277,mean_naive_full_data,signed_square,gamma,1.0,proven_maximum_cardinality,0.017785499803721905,30;52;54;68;74;87;96;99;116;126;133;146;150;193,14,14,0,0.7,0.0
278,mean_naive_full_data,signed_square,gamma,1.0,proven_maximum_cardinality,0.00864659994840622,2;21;23;26;32;42;44;60;64;76;80;81;102;124;133;139;151;179;185,19,17,2,0.85,0.10526315789473684
279,mean_naive_full_data,signed_square,gamma,1.0,proven_maximum_cardinality,0.016605000011622906,5;9;27;34;36;52;58;59;61;80;110;116;119;123;143;172;185,17,16,1,0.8,0.058823529411764705
280,mean_naive_full_data,signed_square,gamma,1.0,proven_maximum_cardinality,0.01557070016860962,31;37;40;43;57;67;75;76;109;124;178,11,10,1,0.5,0.09090909090909091
281,mean_naive_full_data,signed_square,gamma,1.0,proven_maximum_cardinality,0.017281200038269162,20;42;48;58;59;82;100;110;114;127;128;143;146;150;157;160;162;167;179;184,20,16,4,0.8,0.2
282,mean_naive_full_data,signed_square,gamma,1.0,proven_maximum_cardinality,0.009698699926957488,27;29;40;50;58;64;67;69;71;82;103;109;130;134;165;166;167;172,18,18,0,0.9,0.0
283,mean_naive_full_data,signed_square,gamma,1.0,proven_maximum_cardinality,0.012070199940353632,12;22;44;71;83;84;86;88;112;113;132;139;148;164;172;177;184;188;199,19,18,1,0.9,0.05263157894736842
284,mean_naive_full_data,signed_square,gamma,1.0,proven_maximum_cardinality,0.019820100162178278,8;19;31;67;110;113;118;120;121;137;142;154;171;178;181;182,16,14,2,0.7,0.125
285,mean_naive_full_data,signed_square,gamma,1.0,proven_maximum_cardinality,0.020601199939846992,10;13;26;35;42;60;74;84;96;107;123;151;160;167;178;189;192,17,16,1,0.8,0.058823529411764705
286,mean_naive_full_data,signed_square,gamma,1.0,proven_maximum_cardinality,0.02658750000409782,6;29;31;32;68;70;76;86;94;113;128;133;144;154;155;160;172,17,16,1,0.8,0.058823529411764705
287,mean_naive_full_data,signed_square,gamma,1.0,proven_maximum_cardinality,0.012975300196558237,1;9;49;53;55;57;81;87;88;107;123;139;144;150;159;170;181;194,18,17,1,0.85,0.05555555555555555
288,mean_naive_full_data,signed_square,gamma,1.0,proven_maximum_cardinality,0.012137999990954995,11;43;57;61;71;84;92;93;104;107;127;133;137;144;150;168;175,17,17,0,0.85,0.0
289,mean_naive_full_data,signed_square,gamma,1.0,proven_maximum_cardinality,0.01866560010239482,18;19;39;50;56;61;69;82;86;137;141;146;159;161;175;177,16,15,1,0.75,0.0625
290,mean_naive_full_data,signed_square,gamma,1.0,proven_maximum_cardinality,0.01630649995058775,28;42;53;59;62;66;68;74;96;110;112;121;142;175;191,15,14,1,0.7,0.06666666666666667
291,mean_naive_full_data,signed_square,gamma,1.0,proven_maximum_cardinality,0.013940699864178896,0;6;22;35;40;53;61;71;98;141;145;174;185;188,14,14,0,0.7,0.0
292,mean_naive_full_data,signed_square,gamma,1.0,proven_maximum_cardinality,0.02030219999141991,10;14;15;18;35;39;57;58;63;76;87;107;115;116;118;126;138;165;192;195,20,17,3,0.85,0.15
293,mean_naive_full_data,signed_square,gamma,1.0,proven_maximum_cardinality,0.026365499943494797,6;7;23;44;48;61;96;99;102;108;122;130;132;149;166;187,16,15,1,0.75,0.0625
294,mean_naive_full_data,signed_square,gamma,1.0,proven_maximum_cardinality,0.022417199797928333,0;25;31;57;85;98;107;114;118;140;154;160;165;199,14,14,0,0.7,0.0
295,mean_naive_full_data,signed_square,gamma,1.0,proven_maximum_cardinality,0.026254599913954735,6;15;18;30;51;54;56;59;68;72;74;77;90;94;107;120;133;139;171;192,20,18,2,0.9,0.1
296,mean_naive_full_data,signed_square,gamma,1.0,proven_maximum_cardinality,0.013223099987953901,31;37;42;63;77;81;85;90;97;128;133;138;146;152;181;186,16,16,0,0.8,0.0
297,mean_naive_full_data,signed_square,gamma,1.0,proven_maximum_cardinality,0.019020500127226114,15;24;31;33;36;43;78;84;86;116;125;140;194;196;199,15,15,0,0.75,0.0
298,mean_naive_full_data,signed_square,gamma,1.0,proven_maximum_cardinality,0.019150800071656704,6;21;24;27;32;40;47;49;54;94;113;114;118;137;143;158;165;181;193,19,16,3,0.8,0.15789473684210525
299,mean_naive_full_data,signed_square,gamma,1.0,proven_maximum_cardinality,0.013698399998247623,4;19;25;30;35;44;47;68;83;87;95;96;98;99;137;139;156;162;182;183,20,17,3,0.85,0.15
300,mean_naive_full_data,signed_square,gamma,1.0,proven_maximum_cardinality,0.010344400070607662,9;57;78;89;112;113;120;125;135;138;139;142;152;164;174;179;184;188,18,17,1,0.85,0.05555555555555555
301,mean_naive_full_data,signed_square,gamma,1.0,proven_maximum_cardinality,0.013956899987533689,13;44;76;121;135;137;159;163;175;177;180;195,12,11,1,0.55,0.08333333333333333
302,mean_naive_full_data,signed_square,gamma,1.0,proven_maximum_cardinality,0.015831700060516596,0;5;33;51;69;72;91;103;104;105;110;124;128;152;167;186,16,16,0,0.8,0.0
303,mean_naive_full_data,signed_square,gamma,1.0,proven_maximum_cardinality,0.012760499957948923,19;24;35;77;109;120;136;138;139;140;147;161;189;198,14,14,0,0.7,0.0
304,mean_naive_full_data,signed_square,gamma,1.0,proven_maximum_cardinality,0.011548700043931603,12;18;31;42;45;51;72;83;95;111;114;139;140;146;156;158;166;196,18,16,2,0.8,0.1111111111111111
305,mean_naive_full_data,signed_square,gamma,1.0,proven_maximum_cardinality,0.013934000162407756,1;10;15;24;33;41;55;63;67;92;124;128;132;138;168;176;198,17,16,1,0.8,0.058823529411764705
306,mean_naive_full_data,signed_square,gamma,1.0,proven_maximum_cardinality,0.014297900022938848,0;14;16;32;34;65;66;69;73;76;79;108;139;143;151;157;169;179;180;188;198,21,17,4,0.85,0.19047619047619047
307,mean_naive_full_data,signed_square,gamma,1.0,proven_maximum_cardinality,0.016343799885362387,15;16;18;24;32;50;56;65;66;91;94;99;100;106;108;127;152;171;172;185;192,21,19,2,0.95,0.09523809523809523
308,mean_naive_full_data,signed_square,gamma,1.0,proven_maximum_cardinality,0.03072099993005395,0;11;26;27;30;32;36;49;56;58;89;94;112;115;127;135;153;173;182;199,20,16,4,0.8,0.2
309,mean_naive_full_data,signed_square,gamma,1.0,proven_maximum_cardinality,0.01352679985575378,14;16;18;43;49;59;75;78;86;87;107;118;122;129;155;157;161;171;176,19,18,1,0.9,0.05263157894736842
310,mean_naive_full_data,signed_square,gamma,1.0,proven_maximum_cardinality,0.02476659999229014,4;9;28;49;52;83;114;115;117;131;142;150;154;173;174;178,16,11,5,0.55,0.3125
311,mean_naive_full_data,signed_square,gamma,1.0,proven_maximum_cardinality,0.027481300057843328,2;3;12;26;35;39;48;55;63;75;112;130;137;150;162;171;174;193,18,18,0,0.9,0.0
312,mean_naive_full_data,signed_square,gamma,1.0,proven_maximum_cardinality,0.03611999982967973,15;25;50;65;81;86;89;128;145;146;159;191,12,11,1,0.55,0.08333333333333333
313,mean_naive_full_data,signed_square,gamma,1.0,proven_maximum_cardinality,0.016921899979934096,15;26;38;53;66;94;97;104;113;118;127;134;137;138;151;189;198;199,18,15,3,0.75,0.16666666666666666
314,mean_naive_full_data,signed_square,gamma,1.0,proven_maximum_cardinality,0.013306100154295564,8;9;40;59;60;61;84;94;98;99;101;103;117;118;121;154;157;173;185;197,20,17,3,0.85,0.15
315,mean_naive_full_data,signed_square,gamma,1.0,proven_maximum_cardinality,0.018344599986448884,18;27;35;37;108;111;117;140;145;151;154;173;189;198,14,14,0,0.7,0.0
316,mean_naive_full_data,signed_square,gamma,1.0,proven_maximum_cardinality,0.013442299794405699,1;19;42;44;64;80;112;116;126;150;154;158;159;166;181;187,16,16,0,0.8,0.0
317,mean_naive_full_data,signed_square,gamma,1.0,proven_maximum_cardinality,0.022040699841454625,20;25;28;34;54;62;76;82;97;99;117;153;154;160;167;185;188;196,18,17,1,0.85,0.05555555555555555
318,mean_naive_full_data,signed_square,gamma,1.0,proven_maximum_cardinality,0.019383700098842382,11;32;46;54;70;75;76;85;87;90;92;93;104;129;144;148;152;189;195;196;199,21,18,3,0.9,0.14285714285714285
319,mean_naive_full_data,signed_square,gamma,1.0,proven_maximum_cardinality,0.01854560011997819,10;12;24;31;46;57;63;65;72;111;126;128;130;156;162,15,14,1,0.7,0.06666666666666667
320,mean_naive_full_data,signed_square,gamma,1.0,proven_maximum_cardinality,0.018293399829417467,22;27;42;45;54;61;77;81;108;113;114;118;125;185;189;198,16,15,1,0.75,0.0625
321,mean_naive_full_data,signed_square,gamma,1.0,proven_maximum_cardinality,0.016028400044888258,0;14;17;45;56;64;67;78;83;92;96;105;106;126;129;140;160;179;190,19,18,1,0.9,0.05263157894736842
322,mean_naive_full_data,signed_square,gamma,1.0,proven_maximum_cardinality,0.025134399998933077,7;22;24;41;48;55;56;77;81;98;104;115;143;182;193,15,15,0,0.75,0.0
323,mean_naive_full_data,signed_square,gamma,1.0,proven_maximum_cardinality,0.010836600093171,6;40;48;57;72;73;76;81;82;84;127;154;156;161;173;174;176;192,18,17,1,0.85,0.05555555555555555
324,mean_naive_full_data,signed_square,gamma,1.0,proven_maximum_cardinality,0.016839500050991774,2;7;10;14;43;45;63;80;82;91;97;127;130;150;176;197,16,14,2,0.7,0.125
325,mean_naive_full_data,signed_square,gamma,1.0,proven_maximum_cardinality,0.016734600067138672,49;70;74;79;90;94;104;106;113;127;129;130;148;191,14,13,1,0.65,0.07142857142857142
326,mean_naive_full_data,signed_square,gamma,1.0,proven_maximum_cardinality,0.020406699972227216,15;25;32;40;47;60;87;102;122;123;126;135;138;147;152;175;185;197,18,16,2,0.8,0.1111111111111111
327,mean_naive_full_data,signed_square,gamma,1.0,proven_maximum_cardinality,0.017809400102123618,3;5;20;30;39;61;71;80;110;111;132;138;152;177,14,13,1,0.65,0.07142857142857142
328,mean_naive_full_data,signed_square,gamma,1.0,proven_maximum_cardinality,0.014879300026223063,6;8;53;67;78;106;109;133;152;153;155;172,12,12,0,0.6,0.0
329,mean_naive_full_data,signed_square,gamma,1.0,proven_maximum_cardinality,0.01857650000602007,6;13;31;39;54;56;68;73;107;109;110;133;147;158;174;188,16,15,1,0.75,0.0625
330,mean_naive_full_data,signed_square,gamma,1.0,proven_maximum_cardinality,0.01222759997472167,3;13;20;21;29;36;38;39;40;42;55;66;75;94;103;120;123;129;134;193,20,16,4,0.8,0.2
331,mean_naive_full_data,signed_square,gamma,1.0,proven_maximum_cardinality,0.015558399958536029,4;12;19;33;35;55;66;78;97;98;109;126;154;156;170;183;186;193,18,16,2,0.8,0.1111111111111111
332,mean_naive_full_data,signed_square,gamma,1.0,proven_maximum_cardinality,0.01920600002631545,11;17;41;44;74;81;96;109;115;121;152;158;162;166;170;180;181;185;191;193,20,17,3,0.85,0.15
333,mean_naive_full_data,signed_square,gamma,1.0,proven_maximum_cardinality,0.018795300042256713,3;5;13;18;25;30;31;44;61;62;83;90;95;104;109;115;137;166;170;188;191;193,22,19,3,0.95,0.13636363636363635
334,mean_naive_full_data,signed_square,gamma,1.0,proven_maximum_cardinality,0.015381400007754564,15;22;25;38;46;62;82;92;98;107;119;122;130;161;180;186;187,17,15,2,0.75,0.11764705882352941
335,mean_naive_full_data,signed_square,gamma,1.0,proven_maximum_cardinality,0.00890920008532703,6;19;31;41;49;59;77;93;122;124;140;141;159;164;167;181;189,17,15,2,0.75,0.11764705882352941
336,mean_naive_full_data,signed_square,gamma,1.0,proven_maximum_cardinality,0.0066182001028209925,2;8;17;19;28;57;60;66;85;111;120;150;159;169;184;192;196,17,17,0,0.85,0.0
337,mean_naive_full_data,signed_square,gamma,1.0,proven_maximum_cardinality,0.02254880010150373,30;32;33;39;47;81;91;96;124;139;149;157;181;186,14,12,2,0.6,0.14285714285714285
338,mean_naive_full_data,signed_square,gamma,1.0,proven_maximum_cardinality,0.00951469992287457,5;22;48;54;67;68;74;76;78;93;99;117;137;148;166;182;187;191;196,19,16,3,0.8,0.15789473684210525
339,mean_naive_full_data,signed_square,gamma,1.0,proven_maximum_cardinality,0.016655900049954653,4;5;32;42;57;76;97;100;103;126;131;133;138;146;148;162;190,17,16,1,0.8,0.058823529411764705
340,mean_naive_full_data,signed_square,gamma,1.0,proven_maximum_cardinality,0.01944869989529252,1;3;7;16;34;41;53;55;92;101;111;118;131;139;141;163;182;189;191,19,16,3,0.8,0.15789473684210525
341,mean_naive_full_data,signed_square,gamma,1.0,proven_maximum_cardinality,0.02041639992967248,1;15;19;21;23;43;49;65;100;109;110;133;146;152;161;169;184;198,18,15,3,0.75,0.16666666666666666
342,mean_naive_full_data,signed_square,gamma,1.0,proven_maximum_cardinality,0.024878500029444695,1;7;12;21;30;32;35;41;53;55;57;73;74;85;102;104;156;157;164;166;172;184,22,16,6,0.8,0.2727272727272727
343,mean_naive_full_data,signed_square,gamma,1.0,proven_maximum_cardinality,0.020620499970391393,14;16;27;48;62;66;67;76;101;113;119;130;135;136;149;161;165;172;181;186;196,21,17,4,0.85,0.19047619047619047
344,mean_naive_full_data,signed_square,gamma,1.0,proven_maximum_cardinality,0.020427700132131577,12;31;50;58;66;70;88;93;132;155;167;179;186;190,14,13,1,0.65,0.07142857142857142
345,mean_naive_full_data,signed_square,gamma,1.0,proven_maximum_cardinality,0.015516799874603748,6;17;23;26;45;55;58;70;82;97;100;112;114;146;160;166;176;197,18,18,0,0.9,0.0
346,mean_naive_full_data,signed_square,gamma,1.0,proven_maximum_cardinality,0.020890400046482682,16;51;63;75;82;84;91;97;128;139;150;166;173;182;198,15,13,2,0.65,0.13333333333333333
347,mean_naive_full_data,signed_square,gamma,1.0,proven_maximum_cardinality,0.016673299949616194,8;18;32;46;57;78;97;109;135;136;146;150;165;176;182;194,16,13,3,0.65,0.1875
348,mean_naive_full_data,signed_square,gamma,1.0,proven_maximum_cardinality,0.017510599922388792,21;30;55;92;109;115;120;127;135;155;159;163;172;185;190;195,16,13,3,0.65,0.1875
349,mean_naive_full_data,signed_square,gamma,1.0,proven_maximum_cardinality,0.011607099790126085,31;38;60;67;81;127;135;147;157;159;171;177;193;195,14,14,0,0.7,0.0
350,mean_naive_full_data,signed_square,gamma,1.0,proven_maximum_cardinality,0.01472079986706376,14;20;30;31;32;37;40;57;75;106;119;121;136;141;147;155;158;164;165;168,20,17,3,0.85,0.15
351,mean_naive_full_data,signed_square,gamma,1.0,proven_maximum_cardinality,0.017236899817362428,8;9;42;56;67;76;78;115;126;138;150;161;182,13,13,0,0.65,0.0
352,mean_naive_full_data,signed_square,gamma,1.0,proven_maximum_cardinality,0.013394800014793873,6;17;21;29;95;97;102;111;112;122;123;136;137;156;179;180,16,15,1,0.75,0.0625
353,mean_naive_full_data,signed_square,gamma,1.0,proven_maximum_cardinality,0.02118859998881817,6;7;9;15;31;33;34;53;69;98;124;129;157;170;178,15,12,3,0.6,0.2
354,mean_naive_full_data,signed_square,gamma,1.0,proven_maximum_cardinality,0.019179800059646368,16;39;47;49;69;74;82;88;105;130;131;133;134;146;162;176,16,16,0,0.8,0.0
355,mean_naive_full_data,signed_square,gamma,1.0,proven_maximum_cardinality,0.02245659986510873,13;21;26;37;51;55;65;76;78;90;119;161;167;172;180;183;187,17,15,2,0.75,0.11764705882352941
356,mean_naive_full_data,signed_square,gamma,1.0,proven_maximum_cardinality,0.027235600166022778,41;58;69;79;84;100;109;112;130;133;136;153;154;185;188;189,16,15,1,0.75,0.0625
357,mean_naive_full_data,signed_square,gamma,1.0,proven_maximum_cardinality,0.011782299960032105,29;44;45;51;82;91;92;99;124;125;126;154;162;173;174;183;195,17,15,2,0.75,0.11764705882352941
358,mean_naive_full_data,signed_square,gamma,1.0,proven_maximum_cardinality,0.01251540007069707,11;19;23;28;47;52;57;74;87;107;125;128;140;149;163;164;166;185,18,17,1,0.85,0.05555555555555555
359,mean_naive_full_data,signed_square,gamma,1.0,proven_maximum_cardinality,0.015605499967932701,5;10;36;38;84;97;120;129;142;144;149;177;185;198,14,14,0,0.7,0.0
360,mean_naive_full_data,signed_square,gamma,1.0,proven_maximum_cardinality,0.008259499911218882,10;53;60;79;91;94;115;122;124;144;155;168;178;196,14,13,1,0.65,0.07142857142857142
361,mean_naive_full_data,signed_square,gamma,1.0,proven_maximum_cardinality,0.01573759992606938,21;27;30;47;61;65;70;85;99;120;128;134;152;157;166,15,15,0,0.75,0.0
362,mean_naive_full_data,signed_square,gamma,1.0,proven_maximum_cardinality,0.01843880000524223,4;7;9;12;15;76;83;85;93;94;100;119;141;162;180;183,16,14,2,0.7,0.125
363,mean_naive_full_data,signed_square,gamma,1.0,proven_maximum_cardinality,0.02230569999665022,5;8;55;66;85;99;106;115;129;148;164;175;189;195,14,13,1,0.65,0.07142857142857142
364,mean_naive_full_data,signed_square,gamma,1.0,proven_maximum_cardinality,0.028764799935743213,7;16;25;42;95;114;131;147;159;162;167;177;178;190,14,14,0,0.7,0.0
365,mean_naive_full_data,signed_square,gamma,1.0,proven_maximum_cardinality,0.022008900064975023,16;20;29;49;53;56;59;71;76;85;86;93;94;97;110;141;150;175;176,19,18,1,0.9,0.05263157894736842
366,mean_naive_full_data,signed_square,gamma,1.0,proven_maximum_cardinality,0.027604799950495362,28;46;50;68;72;83;88;101;112;121;126;132;147;155;172;180;196,17,15,2,0.75,0.11764705882352941
367,mean_naive_full_data,signed_square,gamma,1.0,proven_maximum_cardinality,0.02046150015667081,0;17;40;49;52;53;67;90;112;158;170;173;178;188;197,15,15,0,0.75,0.0
368,mean_naive_full_data,signed_square,gamma,1.0,proven_maximum_cardinality,0.02308920002542436,14;36;39;81;90;91;93;107;108;109;120;139;174;184;185;187;198,17,15,2,0.75,0.11764705882352941
369,mean_naive_full_data,signed_square,gamma,1.0,proven_maximum_cardinality,0.013070899993181229,12;19;28;31;35;39;78;80;123;124;128;138;141;144;155;166;173;177;193;198,20,18,2,0.9,0.1
370,mean_naive_full_data,signed_square,gamma,1.0,proven_maximum_cardinality,0.019580200081691146,2;8;29;31;54;56;66;72;94;122;138;144;148;151;162;168;181;182;191,19,17,2,0.85,0.10526315789473684
371,mean_naive_full_data,signed_square,gamma,1.0,proven_maximum_cardinality,0.013171599945053458,4;28;41;45;54;56;67;68;77;80;82;84;90;100;123;127;138;160;169;198,20,18,2,0.9,0.1
372,mean_naive_full_data,signed_square,gamma,1.0,proven_maximum_cardinality,0.03033900004811585,11;38;42;44;46;48;67;111;126;168;175;183;186,13,12,1,0.6,0.07692307692307693
373,mean_naive_full_data,signed_square,gamma,1.0,proven_maximum_cardinality,0.013136100023984909,14;42;48;51;56;57;64;72;85;87;109;124;127;132;140;149,16,15,1,0.75,0.0625
374,mean_naive_full_data,signed_square,gamma,1.0,proven_maximum_cardinality,0.014932299964129925,14;22;35;44;53;65;70;71;118;127;152;156;158;171;190;191;199,17,15,2,0.75,0.11764705882352941
375,mean_naive_full_data,signed_square,gamma,1.0,proven_maximum_cardinality,0.016960799926891923,3;6;10;15;32;42;47;69;84;130;141;144;145;157;174;175;192,17,16,1,0.8,0.058823529411764705
376,mean_naive_full_data,signed_square,gamma,1.0,proven_maximum_cardinality,0.007824700092896819,5;27;28;30;41;42;53;59;60;61;65;84;86;120;125;135;137;177;190;196,20,19,1,0.95,0.05
377,mean_naive_full_data,signed_square,gamma,1.0,proven_maximum_cardinality,0.01282469998113811,16;23;29;77;117;125;137;138;144;146;163;168;189,13,13,0,0.65,0.0
378,mean_naive_full_data,signed_square,gamma,1.0,proven_maximum_cardinality,0.010661100037395954,14;17;29;65;73;79;86;115;116;119;142;155,12,11,1,0.55,0.08333333333333333
379,mean_naive_full_data,signed_square,gamma,1.0,proven_maximum_cardinality,0.015591199975460768,6;14;24;28;35;60;75;80;111;114;125;127;172;173;175,15,15,0,0.75,0.0
380,mean_naive_full_data,signed_square,gamma,1.0,proven_maximum_cardinality,0.01728280005045235,38;42;51;55;67;71;81;90;99;114;124;136;160;167;177;183;197,17,17,0,0.85,0.0
381,mean_naive_full_data,signed_square,gamma,1.0,proven_maximum_cardinality,0.01103940000757575,7;21;26;45;69;76;85;86;122;123;134;143;166;174;179;184;190;191;196,19,17,2,0.85,0.10526315789473684
382,mean_naive_full_data,signed_square,gamma,1.0,proven_maximum_cardinality,0.015044600004330277,6;9;20;35;39;71;73;79;93;95;107;110;124;156;161;173,16,16,0,0.8,0.0
383,mean_naive_full_data,signed_square,gamma,1.0,proven_maximum_cardinality,0.023297499865293503,2;77;80;88;101;113;119;121;122;146;147;148;179;187,14,12,2,0.6,0.14285714285714285
384,mean_naive_full_data,signed_square,gamma,1.0,proven_maximum_cardinality,0.024495000019669533,9;46;49;53;55;71;91;116;127;128;167;189;192;194,14,14,0,0.7,0.0
385,mean_naive_full_data,signed_square,gamma,1.0,proven_maximum_cardinality,0.02091770013794303,6;8;11;14;17;35;41;76;92;93;104;109;121;133;136;138;140;152;157;167,20,17,3,0.85,0.15
386,mean_naive_full_data,signed_square,gamma,1.0,proven_maximum_cardinality,0.03482060017995536,9;18;20;24;25;66;72;90;94;99;116;141;143;170;177;183;194;198,18,17,1,0.85,0.05555555555555555
387,mean_naive_full_data,signed_square,gamma,1.0,proven_maximum_cardinality,0.022973099956288934,12;13;20;29;51;68;69;78;91;96;109;114;133;136;155;176;184;187;191;197,20,19,1,0.95,0.05
388,mean_naive_full_data,signed_square,gamma,1.0,proven_maximum_cardinality,0.02058560005389154,7;11;32;49;55;82;92;101;113;120;144;146;152;172;184;186;190,17,16,1,0.8,0.058823529411764705
389,mean_naive_full_data,signed_square,gamma,1.0,proven_maximum_cardinality,0.015223000198602676,4;41;55;56;73;88;93;102;117;134;150;153;163;174;184;194,16,15,1,0.75,0.0625
390,mean_naive_full_data,signed_square,gamma,1.0,proven_maximum_cardinality,0.01742530008777976,6;9;24;29;30;32;34;36;53;56;61;81;90;94;105;108;115;141;152;161;162;177;189;195,24,19,5,0.95,0.20833333333333334
391,mean_naive_full_data,signed_square,gamma,1.0,proven_maximum_cardinality,0.01053269999101758,10;11;18;33;37;39;52;54;84;86;132;161;166;170;183;197,16,15,1,0.75,0.0625
392,mean_naive_full_data,signed_square,gamma,1.0,proven_maximum_cardinality,0.01436999998986721,1;32;41;52;61;79;85;95;99;107;114;117;129;130;160,15,15,0,0.75,0.0
393,mean_naive_full_data,signed_square,gamma,1.0,proven_maximum_cardinality,0.012164700077846646,17;29;47;58;68;70;83;91;123;125;140;142;157;161;168,15,14,1,0.7,0.06666666666666667
394,mean_naive_full_data,signed_square,gamma,1.0,proven_maximum_cardinality,0.022715700091794133,0;31;45;52;62;100;131;140;175;191;196,11,10,1,0.5,0.09090909090909091
395,mean_naive_full_data,signed_square,gamma,1.0,proven_maximum_cardinality,0.029658899875357747,10;12;79;92;107;111;113;115;122;128;129;130;135;160;167;172;197,17,16,1,0.8,0.058823529411764705
396,mean_naive_full_data,signed_square,gamma,1.0,proven_maximum_cardinality,0.021943700034171343,17;29;37;38;46;62;70;93;122;130;134;146;165;184;186;187;194;197,18,13,5,0.65,0.2777777777777778
397,mean_naive_full_data,signed_square,gamma,1.0,proven_maximum_cardinality,0.011630299966782331,28;31;44;51;58;65;68;79;93;106;144;153;155;180,14,14,0,0.7,0.0
398,mean_naive_full_data,signed_square,gamma,1.0,proven_maximum_cardinality,0.010976399993523955,11;17;27;28;40;65;66;75;80;95;100;102;115;116;142;178;181;188;197,19,18,1,0.9,0.05263157894736842
399,mean_naive_full_data,signed_square,gamma,1.0,proven_maximum_cardinality,0.01387260016053915,41;44;66;71;81;83;86;94;95;120;124;131;143;146;175;186,16,16,0,0.8,0.0
400,mean_naive_full_data,signed_square,gamma,1.0,proven_maximum_cardinality,0.02198399999178946,2;3;7;12;14;17;24;25;30;50;60;137;146;149;156;160;163;188;190;195,20,18,2,0.9,0.1
401,mean_naive_full_data,signed_square,gamma,1.0,proven_maximum_cardinality,0.0168245998211205,16;26;36;39;41;44;82;94;109;127;132;139;142;154;166;185;196;198,18,16,2,0.8,0.1111111111111111
402,mean_naive_full_data,signed_square,gamma,1.0,proven_maximum_cardinality,0.026380699826404452,7;44;48;75;83;86;101;113;123;127;128;155;176;192;197,15,14,1,0.7,0.06666666666666667
403,mean_naive_full_data,signed_square,gamma,1.0,proven_maximum_cardinality,0.029341300018131733,2;19;20;40;47;62;76;82;132;141;143;167;189;191,14,12,2,0.6,0.14285714285714285
404,mean_naive_full_data,signed_square,gamma,1.0,proven_maximum_cardinality,0.022764099994674325,2;8;10;24;26;30;41;43;60;62;75;80;103;116;141;154;167;169;178;189,20,18,2,0.9,0.1
405,mean_naive_full_data,signed_square,gamma,1.0,proven_maximum_cardinality,0.02258030022494495,1;10;36;54;61;72;79;89;93;95;107;167;168;172;186;187;194;198,18,15,3,0.75,0.16666666666666666
406,mean_naive_full_data,signed_square,gamma,1.0,proven_maximum_cardinality,0.031038899905979633,7;21;24;25;37;58;64;93;95;107;123;130;135;144;184;190,16,14,2,0.7,0.125
407,mean_naive_full_data,signed_square,gamma,1.0,proven_maximum_cardinality,0.014768399996683002,12;28;32;36;66;72;87;88;93;100;103;112;114;142;147;161;186;196,18,16,2,0.8,0.1111111111111111
408,mean_naive_full_data,signed_square,gamma,1.0,proven_maximum_cardinality,0.017881499836221337,14;16;33;38;41;59;82;104;124;142;163;178;181;193;195;199,16,13,3,0.65,0.1875
409,mean_naive_full_data,signed_square,gamma,1.0,proven_maximum_cardinality,0.014941999921575189,3;17;19;27;28;42;48;53;59;60;77;80;103;110;147;149;159;164;174;189;195;199,22,19,3,0.95,0.13636363636363635
410,mean_naive_full_data,signed_square,gamma,1.0,proven_maximum_cardinality,0.016579299932345748,6;65;72;75;93;96;99;101;112;114;147;153;174;177;182;191;197,17,16,1,0.8,0.058823529411764705
411,mean_naive_full_data,signed_square,gamma,1.0,proven_maximum_cardinality,0.014032900100573897,4;16;71;82;90;93;100;125;137;139;158,11,11,0,0.55,0.0
412,mean_naive_full_data,signed_square,gamma,1.0,proven_maximum_cardinality,0.015570699935778975,5;7;28;36;44;76;80;126;127;140;153;154;168;191,14,14,0,0.7,0.0
413,mean_naive_full_data,signed_square,gamma,1.0,proven_maximum_cardinality,0.03074650000780821,16;17;19;23;24;27;35;48;62;76;85;93;95;105;118;138;177,17,16,1,0.8,0.058823529411764705
414,mean_naive_full_data,signed_square,gamma,1.0,proven_maximum_cardinality,0.014568599872291088,3;26;28;56;62;66;84;90;115;121;124;126;144;153;157;167;191,17,17,0,0.85,0.0
415,mean_naive_full_data,signed_square,gamma,1.0,proven_maximum_cardinality,0.011068799998611212,81;111;119;127;133;134;136;140;146;163;174;190,12,12,0,0.6,0.0
416,mean_naive_full_data,signed_square,gamma,1.0,proven_maximum_cardinality,0.018636299995705485,3;4;20;37;58;82;102;107;115;116;126;159;160;170;175;179,16,16,0,0.8,0.0
417,mean_naive_full_data,signed_square,gamma,1.0,proven_maximum_cardinality,0.014253800036385655,26;39;44;52;63;69;76;102;109;125;133;145;157;159;169;178;180,17,16,1,0.8,0.058823529411764705
418,mean_naive_full_data,signed_square,gamma,1.0,proven_maximum_cardinality,0.015715699875727296,9;33;59;66;79;80;121;127;136;174;175;186;196;198,14,14,0,0.7,0.0
419,mean_naive_full_data,signed_square,gamma,1.0,proven_maximum_cardinality,0.018826100043952465,17;47;51;57;64;75;80;84;87;109;121;123;137;179;186;194,16,16,0,0.8,0.0
420,mean_naive_full_data,signed_square,gamma,1.0,proven_maximum_cardinality,0.022998900152742863,7;8;23;40;51;57;64;79;103;116;124;127;147;153;157;160;176,17,16,1,0.8,0.058823529411764705
421,mean_naive_full_data,signed_square,gamma,1.0,proven_maximum_cardinality,0.019739900017157197,35;37;41;44;71;87;90;99;118;122;127;132;141;162;174,15,14,1,0.7,0.06666666666666667
422,mean_naive_full_data,signed_square,gamma,1.0,proven_maximum_cardinality,0.01571990014053881,1;18;19;20;37;48;65;88;97;106;120;135;136;137;145;152;156;162;176;193,20,19,1,0.95,0.05
423,mean_naive_full_data,signed_square,gamma,1.0,proven_maximum_cardinality,0.014065700117498636,5;37;63;67;84;105;120;136;151;153;157;161;170;180;187;188,16,15,1,0.75,0.0625
424,mean_naive_full_data,signed_square,gamma,1.0,proven_maximum_cardinality,0.022622799966484308,17;25;43;55;56;75;87;92;100;106;155;165;172;177;179;197,16,16,0,0.8,0.0
425,mean_naive_full_data,signed_square,gamma,1.0,proven_maximum_cardinality,0.010467399843037128,17;45;62;78;84;89;114;126;133;159;183;188;194,13,13,0,0.65,0.0
426,mean_naive_full_data,signed_square,gamma,1.0,proven_maximum_cardinality,0.016893899999558926,14;16;23;30;37;62;63;69;74;95;102;104;113;116;141;142;154;197,18,16,2,0.8,0.1111111111111111
427,mean_naive_full_data,signed_square,gamma,1.0,proven_maximum_cardinality,0.011250900104641914,2;25;33;38;40;51;53;61;68;96;113;123;129;132;133;148;178,17,16,1,0.8,0.058823529411764705
428,mean_naive_full_data,signed_square,gamma,1.0,proven_maximum_cardinality,0.015950700035318732,15;26;41;42;52;59;87;108;117;119;120;125;137;146;154;178,16,16,0,0.8,0.0
429,mean_naive_full_data,signed_square,gamma,1.0,proven_maximum_cardinality,0.020510900067165494,7;12;14;19;43;49;53;65;67;88;102;109;119;147;157;186,16,15,1,0.75,0.0625
430,mean_naive_full_data,signed_square,gamma,1.0,proven_maximum_cardinality,0.016523699974641204,1;6;45;70;92;96;126;134;162;165;169;185;186;188,14,13,1,0.65,0.07142857142857142
431,mean_naive_full_data,signed_square,gamma,1.0,proven_maximum_cardinality,0.028995800064876676,22;26;45;47;60;63;86;88;95;101;105;121;132;133;136;141;154;157;179;197,20,17,3,0.85,0.15
432,mean_naive_full_data,signed_square,gamma,1.0,proven_maximum_cardinality,0.023179200012236834,18;19;32;33;64;68;71;75;118;155;163;183;185;186;188,15,15,0,0.75,0.0
433,mean_naive_full_data,signed_square,gamma,1.0,proven_maximum_cardinality,0.013676099944859743,7;8;19;21;27;34;54;59;84;100;103;111;121;126;131;139;145;149;192;196;198,21,19,2,0.95,0.09523809523809523
434,mean_naive_full_data,signed_square,gamma,1.0,proven_maximum_cardinality,0.025343399960547686,8;11;20;34;35;38;44;85;94;105;117;126;128;135;189;190;199,17,16,1,0.8,0.058823529411764705
435,mean_naive_full_data,signed_square,gamma,1.0,proven_maximum_cardinality,0.02777999988757074,12;19;44;51;57;69;80;85;105;121;154;161;163;166;172;173;174;181;193,19,16,3,0.8,0.15789473684210525
436,mean_naive_full_data,signed_square,gamma,1.0,proven_maximum_cardinality,0.01039210008457303,13;20;52;67;84;109;114;117;129;140;142;143;151;154;165;166;167,17,16,1,0.8,0.058823529411764705
437,mean_naive_full_data,signed_square,gamma,1.0,proven_maximum_cardinality,0.024579700082540512,4;12;13;66;67;86;95;101;108;109;115;133;144;147;154;175,16,15,1,0.75,0.0625
438,mean_naive_full_data,signed_square,gamma,1.0,proven_maximum_cardinality,0.018856899812817574,14;24;33;39;75;84;92;102;106;117;148;169;173;182,14,13,1,0.65,0.07142857142857142
439,mean_naive_full_data,signed_square,gamma,1.0,proven_maximum_cardinality,0.017477700021117926,0;12;19;28;34;37;76;117;120;141;147;153;176;182;186,15,15,0,0.75,0.0
440,mean_naive_full_data,signed_square,gamma,1.0,proven_maximum_cardinality,0.021164100151509047,10;16;19;30;33;46;52;55;68;76;91;104;108;110;112;123;137;139;162;167;173;182,22,18,4,0.9,0.18181818181818182
441,mean_naive_full_data,signed_square,gamma,1.0,proven_maximum_cardinality,0.01606329996138811,36;52;60;73;92;103;113;120;122;129;148;150;158;179;189;193,16,15,1,0.75,0.0625
442,mean_naive_full_data,signed_square,gamma,1.0,proven_maximum_cardinality,0.018286700127646327,5;7;18;31;42;44;69;73;85;92;100;113;121;129;182;187;193;195,18,18,0,0.9,0.0
443,mean_naive_full_data,signed_square,gamma,1.0,proven_maximum_cardinality,0.025674000149592757,20;30;41;42;57;84;88;89;90;95;117;139;161;172;174,15,15,0,0.75,0.0
444,mean_naive_full_data,signed_square,gamma,1.0,proven_maximum_cardinality,0.02220180002041161,5;7;35;56;57;85;92;104;129;142;164;177;183;186;192;194,16,16,0,0.8,0.0
445,mean_naive_full_data,signed_square,gamma,1.0,proven_maximum_cardinality,0.012876000022515655,42;48;50;52;65;67;68;72;92;107;112;121;122;135;136;140;147;153;176;181;183,21,19,2,0.95,0.09523809523809523
446,mean_naive_full_data,signed_square,gamma,1.0,proven_maximum_cardinality,0.025793900014832616,8;12;21;22;31;62;89;97;103;125;154;160;167;171;176,15,14,1,0.7,0.06666666666666667
447,mean_naive_full_data,signed_square,gamma,1.0,proven_maximum_cardinality,0.012764399871230125,1;72;106;111;121;123;126;134;142;168;172;177;192;193;195,15,14,1,0.7,0.06666666666666667
448,mean_naive_full_data,signed_square,gamma,1.0,proven_maximum_cardinality,0.015879300190135837,22;33;44;50;52;53;62;97;114;119;125;132;166,13,13,0,0.65,0.0
449,mean_naive_full_data,signed_square,gamma,1.0,proven_maximum_cardinality,0.023033800069242716,0;15;32;57;67;74;75;77;80;88;93;102;108;136;139;151;154;156,18,17,1,0.85,0.05555555555555555
450,mean_naive_full_data,signed_square,gamma,1.0,proven_maximum_cardinality,0.009783100103959441,17;24;28;51;63;68;70;75;84;91;98;117;137;146;147;155;167,17,17,0,0.85,0.0
451,mean_naive_full_data,signed_square,gamma,1.0,proven_maximum_cardinality,0.02709549991413951,0;4;11;17;57;98;101;110;121;125;163;174;180;185;199,15,15,0,0.75,0.0
452,mean_naive_full_data,signed_square,gamma,1.0,proven_maximum_cardinality,0.022760899970307946,13;19;40;58;70;79;95;102;104;115;125;128;135;136;143;144;150;154;159;181;189,21,18,3,0.9,0.14285714285714285
453,mean_naive_full_data,signed_square,gamma,1.0,proven_maximum_cardinality,0.012288599973544478,1;12;24;35;38;60;64;65;67;71;77;84;96;110;151;154;175;184,18,17,1,0.85,0.05555555555555555
454,mean_naive_full_data,signed_square,gamma,1.0,proven_maximum_cardinality,0.011593100149184465,6;22;28;29;33;40;49;54;68;72;103;129;146;159,14,14,0,0.7,0.0
455,mean_naive_full_data,signed_square,gamma,1.0,proven_maximum_cardinality,0.013068200089037418,7;29;75;89;129;135;139;150;152;153;171;194,12,12,0,0.6,0.0
456,mean_naive_full_data,signed_square,gamma,1.0,proven_maximum_cardinality,0.0219887001439929,3;18;25;35;51;61;66;89;111;160;162;180;181;193;199,15,15,0,0.75,0.0
457,mean_naive_full_data,signed_square,gamma,1.0,proven_maximum_cardinality,0.010120999999344349,3;18;20;25;27;55;61;70;80;81;82;103;106;115;139;156;168;176,18,18,0,0.9,0.0
458,mean_naive_full_data,signed_square,gamma,1.0,proven_maximum_cardinality,0.017925000051036477,14;26;29;38;39;74;91;114;171;193,10,10,0,0.5,0.0
459,mean_naive_full_data,signed_square,gamma,1.0,proven_maximum_cardinality,0.00814999989233911,31;35;56;77;81;89;92;95;102;131;133;142;145;169;172;173;199,17,17,0,0.85,0.0
460,mean_naive_full_data,signed_square,gamma,1.0,proven_maximum_cardinality,0.01344570005312562,1;7;9;16;26;50;82;84;103;105;106;136;145;177;180,15,15,0,0.75,0.0
461,mean_naive_full_data,signed_square,gamma,1.0,proven_maximum_cardinality,0.024952400010079145,0;4;8;42;45;55;61;65;67;84;90;93;103;116;125;134;152;172;183;193,20,17,3,0.85,0.15
462,mean_naive_full_data,signed_square,gamma,1.0,proven_maximum_cardinality,0.015508599812164903,8;11;33;40;48;67;87;96;97;101;122;154;156;163;177;186,16,16,0,0.8,0.0
463,mean_naive_full_data,signed_square,gamma,1.0,proven_maximum_cardinality,0.019238100154325366,2;28;52;58;71;72;94;100;110;130;132;138;150;168;174;184;189;197,18,16,2,0.8,0.1111111111111111
464,mean_naive_full_data,signed_square,gamma,1.0,proven_maximum_cardinality,0.012187900021672249,2;9;10;11;13;48;64;69;79;92;93;132;138;164;165;175;181;190;192;199,20,19,1,0.95,0.05
465,mean_naive_full_data,signed_square,gamma,1.0,proven_maximum_cardinality,0.011001200182363391,6;50;52;61;90;112;131;160;172;173;193;197,12,10,2,0.5,0.16666666666666666
466,mean_naive_full_data,signed_square,gamma,1.0,proven_maximum_cardinality,0.02454279991798103,35;41;59;81;82;88;127;133;134;135;148;182,12,12,0,0.6,0.0
467,mean_naive_full_data,signed_square,gamma,1.0,proven_maximum_cardinality,0.015506000025197864,13;53;69;73;96;99;107;110;123;135;152;158;160;173;197,15,13,2,0.65,0.13333333333333333
468,mean_naive_full_data,signed_square,gamma,1.0,proven_maximum_cardinality,0.01588149997405708,0;3;17;31;32;55;100;139;140;146;160;161;171,13,13,0,0.65,0.0
469,mean_naive_full_data,signed_square,gamma,1.0,proven_maximum_cardinality,0.016030200058594346,20;27;34;40;48;52;68;70;91;110;122;129;153;165;181,15,14,1,0.7,0.06666666666666667
470,mean_naive_full_data,signed_square,gamma,1.0,proven_maximum_cardinality,0.026232500094920397,7;20;21;43;75;91;97;102;117;127;141;146;151;153;165;176;178;179;184;186,20,18,2,0.9,0.1
471,mean_naive_full_data,signed_square,gamma,1.0,proven_maximum_cardinality,0.016141500091180205,2;12;15;43;45;59;88;92;114;129;135;136;140;146;150;157;174;181;193;199,20,19,1,0.95,0.05
472,mean_naive_full_data,signed_square,gamma,1.0,proven_maximum_cardinality,0.01234950008802116,12;15;24;26;35;39;48;59;67;85;101;106;130;173;182,15,15,0,0.75,0.0
473,mean_naive_full_data,signed_square,gamma,1.0,proven_maximum_cardinality,0.010774699971079826,21;22;24;32;33;43;44;47;53;108;116;125;162;171;195,15,15,0,0.75,0.0
474,mean_naive_full_data,signed_square,gamma,1.0,proven_maximum_cardinality,0.013710899977013469,6;11;25;45;48;78;88;91;107;131;132;148;152;167;187;195,16,16,0,0.8,0.0
475,mean_naive_full_data,signed_square,gamma,1.0,proven_maximum_cardinality,0.015606499975547194,13;27;44;49;61;65;74;84;94;108;115;116;121;133;158;182;184;188,18,17,1,0.85,0.05555555555555555
476,mean_naive_full_data,signed_square,gamma,1.0,proven_maximum_cardinality,0.012211399851366878,10;15;17;37;46;73;77;94;111;129;131;132;135;140;154;156;181,17,16,1,0.8,0.058823529411764705
477,mean_naive_full_data,signed_square,gamma,1.0,proven_maximum_cardinality,0.010643099900335073,11;15;19;25;37;38;75;77;81;86;91;105;136;139;149;157;169,17,17,0,0.85,0.0
478,mean_naive_full_data,signed_square,gamma,1.0,proven_maximum_cardinality,0.015352499904111028,8;22;44;55;75;83;84;91;95;125;130;139;141;145;165;171;183,17,15,2,0.75,0.11764705882352941
479,mean_naive_full_data,signed_square,gamma,1.0,proven_maximum_cardinality,0.013276100158691406,2;39;41;46;71;74;92;95;96;109;136;147;149;152;170;172;175;190;194,19,18,1,0.9,0.05263157894736842
480,mean_naive_full_data,signed_square,gamma,1.0,proven_maximum_cardinality,0.013495199847966433,14;20;23;42;58;78;88;103;110;137;145;153;169;172;175;183;185;190,18,17,1,0.85,0.05555555555555555
481,mean_naive_full_data,signed_square,gamma,1.0,proven_maximum_cardinality,0.01650019991211593,10;21;73;101;102;104;105;116;119;124;132;140;158;174;181;192,16,15,1,0.75,0.0625
482,mean_naive_full_data,signed_square,gamma,1.0,proven_maximum_cardinality,0.017125299898907542,5;10;12;33;60;72;100;104;108;123;168;173;176;177;180;190,16,14,2,0.7,0.125
483,mean_naive_full_data,signed_square,gamma,1.0,proven_maximum_cardinality,0.013709499966353178,20;41;45;71;89;98;103;115;124;138;149;164;171;196;198,15,15,0,0.75,0.0
484,mean_naive_full_data,signed_square,gamma,1.0,proven_maximum_cardinality,0.021524999989196658,0;28;37;44;48;80;90;103;104;130;132;136;157;199,14,13,1,0.65,0.07142857142857142
485,mean_naive_full_data,signed_square,gamma,1.0,proven_maximum_cardinality,0.016819600015878677,7;36;57;64;73;74;96;101;106;107;118;127;146;150;153;159;172;189;190,19,18,1,0.9,0.05263157894736842
486,mean_naive_full_data,signed_square,gamma,1.0,proven_maximum_cardinality,0.025814100168645382,2;9;15;78;81;103;114;124;152;154;162;170;189;190,14,13,1,0.65,0.07142857142857142
487,mean_naive_full_data,signed_square,gamma,1.0,proven_maximum_cardinality,0.024385000113397837,6;9;20;28;30;31;74;80;116;148;152;163;168;183;188;197,16,15,1,0.75,0.0625
488,mean_naive_full_data,signed_square,gamma,1.0,proven_maximum_cardinality,0.017098200041800737,14;23;32;38;57;74;79;111;121;141;146;153;160;178,14,13,1,0.65,0.07142857142857142
489,mean_naive_full_data,signed_square,gamma,1.0,proven_maximum_cardinality,0.02471190015785396,5;13;33;35;47;59;60;79;95;104;126;140;165;195,14,13,1,0.65,0.07142857142857142
490,mean_naive_full_data,signed_square,gamma,1.0,proven_maximum_cardinality,0.02120630000717938,52;54;63;67;70;78;97;115;118;126;128;150;165;167;174;181;192;193,18,16,2,0.8,0.1111111111111111
491,mean_naive_full_data,signed_square,gamma,1.0,proven_maximum_cardinality,0.015392099972814322,33;44;47;51;64;70;76;110;120;121;136;137;139;155;168;185;197,17,16,1,0.8,0.058823529411764705
492,mean_naive_full_data,signed_square,gamma,1.0,proven_maximum_cardinality,0.018285400001332164,14;21;33;55;71;72;84;95;103;116;119;121;134;144;149;180;181;186,18,16,2,0.8,0.1111111111111111
493,mean_naive_full_data,signed_square,gamma,1.0,proven_maximum_cardinality,0.014198000077158213,1;20;26;34;42;54;62;86;87;102;108;115;128;129;131;135;146;151;158;166;173;186,22,20,2,1.0,0.09090909090909091
494,mean_naive_full_data,signed_square,gamma,1.0,proven_maximum_cardinality,0.016024500131607056,9;16;19;45;54;66;71;76;98;104;113;114;115;145;159;171,16,16,0,0.8,0.0
495,mean_naive_full_data,signed_square,gamma,1.0,proven_maximum_cardinality,0.019323699874803424,7;27;32;48;55;58;70;81;83;101;123;129;133;142;153;174;182;183;194,19,17,2,0.85,0.10526315789473684
496,mean_naive_full_data,signed_square,gamma,1.0,proven_maximum_cardinality,0.01142009999603033,0;4;9;11;16;48;49;82;96;98;109;149;153;174;186;189;197,17,16,1,0.8,0.058823529411764705
497,mean_naive_full_data,signed_square,gamma,1.0,proven_maximum_cardinality,0.0222465000115335,20;29;43;46;52;66;68;70;88;93;148;149;156;176;177;179,16,15,1,0.75,0.0625
498,mean_naive_full_data,signed_square,gamma,1.0,proven_maximum_cardinality,0.021285299910232425,24;28;65;84;105;115;116;124;131;146;159;161;170;185;190;191,16,15,1,0.75,0.0625
499,mean_naive_full_data,signed_square,gamma,1.0,proven_maximum_cardinality,0.012691100127995014,17;26;28;39;45;52;54;60;74;82;91;95;108;133;141;146;150;157;163;174;177;179,22,19,3,0.95,0.13636363636363635
500,mean_naive_full_data,signed_square,gamma,1.0,proven_maximum_cardinality,0.02331750001758337,4;42;49;55;86;97;108;119;162;164;165;168;169;173;174;192,16,15,1,0.75,0.0625
