replication,method,status,elapsed_seconds,selected_indices,rejections,true_discoveries,false_discoveries,tpr,fdp
1,mean_full_data,proven_maximum_cardinality,0.00871670013293624,7;9;13;18;45;49;61;63;111;115;141;149;158;175,14,14,0,0.7,0.0
2,mean_full_data,proven_maximum_cardinality,0.01626219996251166,5;15;16;36;76;102;122;137;138;139;142;152;168;183;187,15,15,0,0.75,0.0
3,mean_full_data,proven_maximum_cardinality,0.013775000115856528,24;26;27;66;83;89;112;125;150;156,10,10,0,0.5,0.0
4,mean_full_data,proven_maximum_cardinality,0.015672799898311496,8;60;68;77;82;116;127;128;161;174;184;189;198,13,12,1,0.6,0.07692307692307693
5,mean_full_data,proven_maximum_cardinality,0.008662600070238113,22;24;27;33;71;99;130;151;154;160;182;191,12,12,0,0.6,0.0
6,mean_full_data,proven_maximum_cardinality,0.012190600158646703,7;55;64;72;125;162;169;188;190;196,10,10,0,0.5,0.0
7,mean_full_data,proven_maximum_cardinality,0.014888399979099631,24;32;113;126;129;148;159;179,8,7,1,0.35,0.125
8,mean_full_data,proven_maximum_cardinality,0.010684600099921227,10;28;35;46;67;115;116;134;139;153;171;176;189,13,13,0,0.65,0.0
9,mean_full_data,proven_maximum_cardinality,0.01320859999395907,11;38;48;54;84;92;95;105;113;120;136;171;173,13,13,0,0.65,0.0
10,mean_full_data,proven_maximum_cardinality,0.008819400100037456,0;38;57;61;73;91;97;105;111;198,10,10,0,0.5,0.0
11,mean_full_data,proven_maximum_cardinality,0.010960699990391731,8;14;40;45;46;53;61;68;130;132;146;153,12,11,1,0.55,0.08333333333333333
12,mean_full_data,proven_maximum_cardinality,0.010471699992194772,25;55;60;119;146;158;187;190,8,8,0,0.4,0.0
13,mean_full_data,proven_maximum_cardinality,0.006979200057685375,80;90;118;141;144;191;193,7,7,0,0.35,0.0
14,mean_full_data,proven_maximum_cardinality,0.014081200119107962,57;78;79;107;141;173,6,6,0,0.3,0.0
15,mean_full_data,proven_maximum_cardinality,0.009429799858480692,0;45;51;59;96;112;123;127;144;150;179;185;190,13,13,0,0.65,0.0
16,mean_full_data,proven_maximum_cardinality,0.009555099997669458,6;8;45;87;110;124;140;141;160;180;184;193,12,11,1,0.55,0.08333333333333333
17,mean_full_data,proven_maximum_cardinality,0.015978700015693903,18;20;49;68;71;85;87;112;119;168;178,11,11,0,0.55,0.0
18,mean_full_data,proven_maximum_cardinality,0.010045500006526709,15;44;48;58;81;84;98;112;131;140;144;147;175;193;195,15,15,0,0.75,0.0
19,mean_full_data,proven_maximum_cardinality,0.0171940999571234,17;36;38;59;72;73;79;91;93;128;131,11,11,0,0.55,0.0
20,mean_full_data,proven_maximum_cardinality,0.01173320016823709,20;52;59;61;71;95;96;128;153;189;199,11,11,0,0.55,0.0
21,mean_full_data,proven_maximum_cardinality,0.00897550000809133,4;10;31;34;48;66;78;93;147,9,9,0,0.45,0.0
22,mean_full_data,proven_maximum_cardinality,0.01320099993608892,9;33;47;54;57;82;112;116;131;136;163;188,12,12,0,0.6,0.0
23,mean_full_data,proven_maximum_cardinality,0.016953400103375316,8;27;28;47;130;158;160;169,8,8,0,0.4,0.0
24,mean_full_data,proven_maximum_cardinality,0.019738799892365932,9;86;93;108;124,5,5,0,0.25,0.0
25,mean_full_data,proven_maximum_cardinality,0.008886100025847554,16;51;61;67;89;149;172;173;193,9,9,0,0.45,0.0
26,mean_full_data,proven_maximum_cardinality,0.009007300017401576,2;26;27;40;61;83;92;98;124;140;148;154;156;168;182;183;184,17,17,0,0.85,0.0
27,mean_full_data,proven_maximum_cardinality,0.007097699912264943,0;16;45;67;68;111;118;156;183;186,10,10,0,0.5,0.0
28,mean_full_data,proven_maximum_cardinality,0.013170799938961864,16;23;59;72;73;88;97;144;174;187,10,10,0,0.5,0.0
29,mean_full_data,proven_maximum_cardinality,0.01329610007815063,2;9;14;34;95;99;102;112;117;171;189;191,12,12,0,0.6,0.0
30,mean_full_data,proven_maximum_cardinality,0.01086320006288588,21;29;47;93;111;114;116;159;178,9,9,0,0.45,0.0
31,mean_full_data,proven_maximum_cardinality,0.011892999988049269,8;36;39;50;92;96;97;112;123;155;183,11,11,0,0.55,0.0
32,mean_full_data,proven_maximum_cardinality,0.014193000039085746,3;12;16;72;87;99;132;133;153;156,10,10,0,0.5,0.0
33,mean_full_data,proven_maximum_cardinality,0.009995500091463327,1;37;46;53;75;86;93;107;108;121;127;130,12,12,0,0.6,0.0
34,mean_full_data,proven_maximum_cardinality,0.007999100023880601,33;77;84;87;112;116;117;120;121;122;148;154;155;177;191,15,15,0,0.75,0.0
35,mean_full_data,proven_maximum_cardinality,0.015283500077202916,163;168;177;181,4,4,0,0.2,0.0
36,mean_full_data,proven_maximum_cardinality,0.00690320017747581,0;10;21;28;31;58;69;78;104;122;177;192,12,12,0,0.6,0.0
37,mean_full_data,proven_maximum_cardinality,0.016052199993282557,2;16;23;46;47;75,6,6,0,0.3,0.0
38,mean_full_data,proven_maximum_cardinality,0.010615900158882141,22;36;47;57;64;71;76;87;101;149;150;154;165;171;181,15,15,0,0.75,0.0
39,mean_full_data,proven_maximum_cardinality,0.013670099899172783,9;50;69;88;93;134;141;167,8,8,0,0.4,0.0
40,mean_full_data,proven_maximum_cardinality,0.010271900100633502,29;46;67;72;84;105;118;136;142;167;170;178;184,13,13,0,0.65,0.0
41,mean_full_data,proven_maximum_cardinality,0.014633399900048971,27;51;54;68;78;94;107;111;112;114;116,11,11,0,0.55,0.0
42,mean_full_data,proven_maximum_cardinality,0.009202599991112947,26;33;44;61;96;107;146;158;169;184,10,10,0,0.5,0.0
43,mean_full_data,proven_maximum_cardinality,0.01233460009098053,4;27;47;85;107;152;173;194,8,8,0,0.4,0.0
44,mean_full_data,proven_maximum_cardinality,0.011389999883249402,5;13;18;45;55;60;84;94;102;135;136;165;173;190,14,14,0,0.7,0.0
45,mean_full_data,proven_maximum_cardinality,0.01587560004554689,42;68;74;90;95;130;146;175,8,8,0,0.4,0.0
46,mean_full_data,proven_maximum_cardinality,0.010558799840509892,26;49;52;70;152,5,5,0,0.25,0.0
47,mean_full_data,proven_maximum_cardinality,0.010295300045982003,1;12;19;20;29;42;47;80;166,9,9,0,0.45,0.0
48,mean_full_data,proven_maximum_cardinality,0.007457399973645806,0;14;45;52;89;96;163;165,8,8,0,0.4,0.0
49,mean_full_data,proven_maximum_cardinality,0.008395199896767735,1;18;21;37;48;74;114;151;166;198,10,10,0,0.5,0.0
50,mean_full_data,proven_maximum_cardinality,0.010812999913468957,6;46;51;55;56;59;61;68;109;111;122;126;177;180;194;197,16,15,1,0.75,0.0625
51,mean_full_data,proven_maximum_cardinality,0.008831300074234605,11;74;88;95;111;119;123;125;138;151;160;171,12,12,0,0.6,0.0
52,mean_full_data,proven_maximum_cardinality,0.011145500000566244,5;25;35;61;136;157;182,7,7,0,0.35,0.0
53,mean_full_data,proven_maximum_cardinality,0.006244900170713663,26;37;91;98;150;154;156;182;190;198,10,10,0,0.5,0.0
54,mean_full_data,proven_maximum_cardinality,0.008908000076189637,3;32;50;51;122;125;147;167,8,8,0,0.4,0.0
55,mean_full_data,proven_maximum_cardinality,0.01696020015515387,8;9;12;17;20;41;56;153;168;193,10,10,0,0.5,0.0
56,mean_full_data,proven_maximum_cardinality,0.008871099911630154,3;15;24;25;68;101;108;122;126;132;133;141;168,13,13,0,0.65,0.0
57,mean_full_data,proven_maximum_cardinality,0.011515500023961067,23;35;40;81;88;124;135,7,7,0,0.35,0.0
58,mean_full_data,proven_maximum_cardinality,0.017068800050765276,6;16;28;31;83;119;127;129;186,9,9,0,0.45,0.0
59,mean_full_data,proven_maximum_cardinality,0.011715599801391363,39;102;120;159;186,5,5,0,0.25,0.0
60,mean_full_data,proven_maximum_cardinality,0.014786399900913239,6;13;22;35;53;67;81;103;106;148;157;159,12,12,0,0.6,0.0
61,mean_full_data,proven_maximum_cardinality,0.0146246999502182,46;71;88;93;98;108;118;130;143;150;167;199,12,12,0,0.6,0.0
62,mean_full_data,proven_maximum_cardinality,0.01237590005621314,23;32;75;111;113;129;132;142;151;162;164;194,12,12,0,0.6,0.0
63,mean_full_data,proven_maximum_cardinality,0.014024400152266026,25;31;55;61;86;93;98;148;159;165;166;168,12,12,0,0.6,0.0
64,mean_full_data,proven_maximum_cardinality,0.012012500083073974,27;33;35;41;43;44;53;70;83;86;103;105;120;124;176,15,15,0,0.75,0.0
65,mean_full_data,proven_maximum_cardinality,0.013005399843677878,18;34;41;54;70;74;115;132;136;177;178;183;199,13,13,0,0.65,0.0
66,mean_full_data,proven_maximum_cardinality,0.016434299992397428,44;100;114;120;149;159;189,7,7,0,0.35,0.0
67,mean_full_data,proven_maximum_cardinality,0.01482070004567504,4;9;63;67;81;105;123;127;141;166;170;194,12,12,0,0.6,0.0
68,mean_full_data,proven_maximum_cardinality,0.008468599990010262,9;34;57;59;83;113;120;135;148;155;181;197,12,12,0,0.6,0.0
69,mean_full_data,proven_maximum_cardinality,0.016773700015619397,37;82;144;166;176,5,5,0,0.25,0.0
70,mean_full_data,proven_maximum_cardinality,0.01135789998807013,9;12;37;68;103;119;125;148;156;183;186;195,12,12,0,0.6,0.0
71,mean_full_data,proven_maximum_cardinality,0.014211899833753705,15;30;41;63;68;73;86;115;128;152;162;165;181,13,13,0,0.65,0.0
72,mean_full_data,proven_maximum_cardinality,0.015162500087171793,21;44;87;91;111;112;119;126;132;158;178;183;186,13,13,0,0.65,0.0
73,mean_full_data,proven_maximum_cardinality,0.007713299943134189,8;9;23;27;29;30;37;52;55;105;106;110;114;124;127;137;153;161;198,19,19,0,0.95,0.0
74,mean_full_data,proven_maximum_cardinality,0.009118200046941638,30;46;47;48;52;69;75;83;88;94;97;115;195,13,13,0,0.65,0.0
75,mean_full_data,proven_maximum_cardinality,0.02373820007778704,1;7;21;22;37;46;49;102;116;129;156;166;186;194,14,12,2,0.6,0.14285714285714285
76,mean_full_data,proven_maximum_cardinality,0.009519499959424138,65;105;123;145;150;166,6,6,0,0.3,0.0
77,mean_full_data,proven_maximum_cardinality,0.008628700161352754,9;15;19;24;35;53;56;98;126;184,10,10,0,0.5,0.0
78,mean_full_data,proven_maximum_cardinality,0.012740599922835827,3;9;11;80;91;146;160;164;178,9,9,0,0.45,0.0
79,mean_full_data,proven_maximum_cardinality,0.01054770010523498,8;41;44;72;80;109;164,7,7,0,0.35,0.0
80,mean_full_data,proven_maximum_cardinality,0.010666999965906143,32;70;87;93;129;132;135;140;149;155;171,11,11,0,0.55,0.0
81,mean_full_data,proven_maximum_cardinality,0.012068799929693341,26;29;34;41;47;49;92;93;104;124;135;145;158;165;183,15,15,0,0.75,0.0
82,mean_full_data,proven_maximum_cardinality,0.016320500057190657,8;40;68;69;106;121;125;141;162;167;183;185,12,12,0,0.6,0.0
83,mean_full_data,proven_maximum_cardinality,0.012782200006768107,45;63;79;95;148;156;157;168;170;184;187;191,12,12,0,0.6,0.0
84,mean_full_data,proven_maximum_cardinality,0.011651000007987022,19;28;40;48;95;103;163;170;185;194;197;199,12,10,2,0.5,0.16666666666666666
85,mean_full_data,proven_maximum_cardinality,0.015102999983355403,41;55;83;107;114;118;127;139;155;157;179;190,12,12,0,0.6,0.0
86,mean_full_data,proven_maximum_cardinality,0.011691499967128038,14;16;56;61;72;101;121;127;147;152;167,11,11,0,0.55,0.0
87,mean_full_data,proven_maximum_cardinality,0.009673800086602569,29;67;84;99;106;119;123;128;131;173;183;191;196,13,13,0,0.65,0.0
88,mean_full_data,proven_maximum_cardinality,0.011339599965140224,3;74;78;86;88;93;102;116;164;183;185,11,11,0,0.55,0.0
89,mean_full_data,proven_maximum_cardinality,0.015560199972242117,1;30;57;90;132;151,6,6,0,0.3,0.0
90,mean_full_data,proven_maximum_cardinality,0.02343169995583594,4;35;40;43;57;59;76;83;89;98;129;142;143;155,14,14,0,0.7,0.0
91,mean_full_data,proven_maximum_cardinality,0.013134900014847517,41;55;59;120;162;198,6,6,0,0.3,0.0
92,mean_full_data,proven_maximum_cardinality,0.008608199888840318,1;7;11;37;44;73;83;133;135;141;172;174;178,13,13,0,0.65,0.0
93,mean_full_data,proven_maximum_cardinality,0.008727399865165353,5;24;25;52;83;89;100;155,8,8,0,0.4,0.0
94,mean_full_data,proven_maximum_cardinality,0.009308099979534745,41;67;68;80;81;133;138;153;162;164;167;185,12,12,0,0.6,0.0
95,mean_full_data,proven_maximum_cardinality,0.010930400108918548,13;22;44;49;69;91;93;173;178;179;197,11,11,0,0.55,0.0
96,mean_full_data,proven_maximum_cardinality,0.010193400084972382,0;32;61;75;92;97;102;126;146;156;175;177;187,13,13,0,0.65,0.0
97,mean_full_data,proven_maximum_cardinality,0.008198699913918972,7;16;47;61;65;95;144;145;187,9,9,0,0.45,0.0
98,mean_full_data,proven_maximum_cardinality,0.012403999920934439,9;12;14;119;122;123;124;134;146,9,9,0,0.45,0.0
99,mean_full_data,proven_maximum_cardinality,0.021021499997004867,10;34;63;83;91;133;141;190;196,9,9,0,0.45,0.0
100,mean_full_data,proven_maximum_cardinality,0.021008800016716123,18;47;70;79;86;91;119;124;142;173;192,11,11,0,0.55,0.0
101,mean_full_data,proven_maximum_cardinality,0.009709100006148219,33;45;62;88;90;135;141;146;150;160;181,11,11,0,0.55,0.0
102,mean_full_data,proven_maximum_cardinality,0.017386300023645163,12;25;42;46;108;132;170,7,7,0,0.35,0.0
103,mean_full_data,proven_maximum_cardinality,0.01351079996675253,29;61;80;93;107;114;171,7,7,0,0.35,0.0
104,mean_full_data,proven_maximum_cardinality,0.013565500034019351,45;51;59;70;94;95;147;162;182;188,10,10,0,0.5,0.0
105,mean_full_data,proven_maximum_cardinality,0.008119899779558182,24;42;50;91;97;128;132;147;159;160;161;170;179,13,13,0,0.65,0.0
106,mean_full_data,proven_maximum_cardinality,0.010602300055325031,66;68;73;91;98;99;104;111;166;171;185,11,11,0,0.55,0.0
107,mean_full_data,proven_maximum_cardinality,0.012948299990966916,4;14;41;71;96;111;118;134;156,9,9,0,0.45,0.0
108,mean_full_data,proven_maximum_cardinality,0.01663969992659986,5;6;11;84;125;127;128;129;158;176,10,10,0,0.5,0.0
109,mean_full_data,proven_maximum_cardinality,0.018360299989581108,4;80;129;187,4,4,0,0.2,0.0
110,mean_full_data,proven_maximum_cardinality,0.009946400066837668,11;22;38;92;102;132;171;195,8,8,0,0.4,0.0
111,mean_full_data,proven_maximum_cardinality,0.016837700037285686,11;23;43;55;58;73;75;77;108;121;151;165;177;179,14,14,0,0.7,0.0
112,mean_full_data,proven_maximum_cardinality,0.012185199884697795,43;53;62;110;114;129;133;176,8,8,0,0.4,0.0
113,mean_full_data,proven_maximum_cardinality,0.008230800041928887,25;36;87;114;129;174;176,7,7,0,0.35,0.0
114,mean_full_data,proven_maximum_cardinality,0.011524299858137965,40;80;86;102;107;116;135;162;166;186;194,11,11,0,0.55,0.0
115,mean_full_data,proven_maximum_cardinality,0.008605499984696507,38;77;92;131;133;138;145;164;166,9,9,0,0.45,0.0
116,mean_full_data,proven_maximum_cardinality,0.012985799927264452,51;55;81;86;108;110;112;126;136;154;157;168,12,11,1,0.55,0.08333333333333333
117,mean_full_data,proven_maximum_cardinality,0.009899299824610353,1;20;41;42;53;69;71;74;87;112;120;125;142;172;173,15,14,1,0.7,0.06666666666666667
118,mean_full_data,proven_maximum_cardinality,0.017561399843543768,27;32;33;44;62;64;66;75;89;131;172;190;191,13,13,0,0.65,0.0
119,mean_full_data,proven_maximum_cardinality,0.00995490001514554,23;24;37;44;59;81;94;98;138;144;152;155;157;172;176,15,15,0,0.75,0.0
120,mean_full_data,proven_maximum_cardinality,0.015075699891895056,0;18;83;84;127;130;188,7,7,0,0.35,0.0
121,mean_full_data,proven_maximum_cardinality,0.010875900043174624,6;20;35;38;88;95;98;101;112;161;175;176;193;197,14,14,0,0.7,0.0
122,mean_full_data,proven_maximum_cardinality,0.012804199941456318,8;9;48;53;63;75;94;95;129;146;170;195,12,11,1,0.55,0.08333333333333333
123,mean_full_data,proven_maximum_cardinality,0.006342899985611439,22;37;57;75;119;137;167;183,8,8,0,0.4,0.0
124,mean_full_data,proven_maximum_cardinality,0.010391299845650792,7;61;70;78;106;109;112;137;141;142;167;175;181,13,13,0,0.65,0.0
125,mean_full_data,proven_maximum_cardinality,0.01891580014489591,34;40;49;55;64;100;116;139;142;185,10,10,0,0.5,0.0
126,mean_full_data,proven_maximum_cardinality,0.013766300166025758,45;73;84;88;107;118;140;160;162;185;186;189,12,12,0,0.6,0.0
127,mean_full_data,proven_maximum_cardinality,0.01457450003363192,40;61;97;115;141;147;199,7,7,0,0.35,0.0
128,mean_full_data,proven_maximum_cardinality,0.009877600008621812,3;12;31;68;92;182;190,7,7,0,0.35,0.0
129,mean_full_data,proven_maximum_cardinality,0.012694800039753318,0;16;26;61;117;126;128;144;152;193,10,10,0,0.5,0.0
130,mean_full_data,proven_maximum_cardinality,0.015339399920776486,53;60;95;96;110;115;137;152;159;189,10,10,0,0.5,0.0
131,mean_full_data,proven_maximum_cardinality,0.009206400020048022,2;39;50;57;61;62;63;75;90;136;149;174;175;188;195,15,15,0,0.75,0.0
132,mean_full_data,proven_maximum_cardinality,0.007874900009483099,3;43;57;85;99;100,6,6,0,0.3,0.0
133,mean_full_data,proven_maximum_cardinality,0.010182900121435523,5;10;16;52;66;99;107;127;140;158;183;198,12,12,0,0.6,0.0
134,mean_full_data,proven_maximum_cardinality,0.00884240004234016,38;39;44;47;67;86;99;102;107;163;182;184;196,13,13,0,0.65,0.0
135,mean_full_data,proven_maximum_cardinality,0.019152400083839893,24;38;43;55;56;60;73;83;85;116;129;140;151;197,14,14,0,0.7,0.0
136,mean_full_data,proven_maximum_cardinality,0.01658830000087619,8;26;53;55;56;87;93;100;132;171,10,10,0,0.5,0.0
137,mean_full_data,proven_maximum_cardinality,0.009954200126230717,7;10;18;35;36;39;47;55;63;74;156;157;158;195;196,15,15,0,0.75,0.0
138,mean_full_data,proven_maximum_cardinality,0.006508399965241551,6;20;22;87;90;112;119;144;149;152;174;183,12,12,0,0.6,0.0
139,mean_full_data,proven_maximum_cardinality,0.011603200109675527,10;24;32;33;38;59;94;113;114;122;169;195,12,12,0,0.6,0.0
140,mean_full_data,proven_maximum_cardinality,0.012298299930989742,35;66;79;87;95;97;138;141;153;155;176,11,11,0,0.55,0.0
141,mean_full_data,proven_maximum_cardinality,0.01268809987232089,18;33;69;71;73;102;127;155;161;186;197,11,11,0,0.55,0.0
142,mean_full_data,proven_maximum_cardinality,0.01015340001322329,21;62;65;93;101;108;114;124;130;132;134;142;174;180;191;197,16,16,0,0.8,0.0
143,mean_full_data,proven_maximum_cardinality,0.01602970017120242,18;23;29;41;91;106;108;192,8,8,0,0.4,0.0
144,mean_full_data,proven_maximum_cardinality,0.00850440002977848,52;75;170;194,4,4,0,0.2,0.0
145,mean_full_data,proven_maximum_cardinality,0.01865970017388463,36;40;62;133;146;154;156;178;197,9,9,0,0.45,0.0
146,mean_full_data,proven_maximum_cardinality,0.011247499845921993,13;17;97;100;143;172;186,7,7,0,0.35,0.0
147,mean_full_data,proven_maximum_cardinality,0.014092600205913186,32;57;83;97;116;160;175;179;197,9,9,0,0.45,0.0
148,mean_full_data,proven_maximum_cardinality,0.013059800025075674,8;10;12;42;44;50;67;87;96;134;189,11,11,0,0.55,0.0
149,mean_full_data,proven_maximum_cardinality,0.008538499940186739,3;17;56;92;111;115;143;148;161;168;170;187;198,13,13,0,0.65,0.0
150,mean_full_data,proven_maximum_cardinality,0.012080499902367592,40;53;73;106;110;118;133;136;150;159;180,11,11,0,0.55,0.0
151,mean_full_data,proven_maximum_cardinality,0.010137700010091066,12;38;47;49;53;72;84;91;120;122;128;141;150;155;170,15,14,1,0.7,0.06666666666666667
152,mean_full_data,proven_maximum_cardinality,0.012058000080287457,12;14;24;49;51;105;124;135;148;159;180;194,12,12,0,0.6,0.0
153,mean_full_data,proven_maximum_cardinality,0.009919599862769246,19;46;67;68;88;129;139;144;146;174,10,10,0,0.5,0.0
154,mean_full_data,proven_maximum_cardinality,0.007149100070819259,13;16;42;43;46;62;72;74;82;122;125;129;133;134;151;172,16,16,0,0.8,0.0
155,mean_full_data,proven_maximum_cardinality,0.012367799878120422,4;10;15;43;66;78;87;107;115;123;171;197,12,12,0,0.6,0.0
156,mean_full_data,proven_maximum_cardinality,0.005476600024849176,1;12;22;26;44;51;86;114;115;133;152;153;154;174,14,14,0,0.7,0.0
157,mean_full_data,proven_maximum_cardinality,0.009822000050917268,0;9;29;30;60;65;111;112;116;124,10,10,0,0.5,0.0
158,mean_full_data,proven_maximum_cardinality,0.008758899988606572,4;5;21;28;35;52;86;107;118;143;178,11,11,0,0.55,0.0
159,mean_full_data,proven_maximum_cardinality,0.010503999888896942,4;25;44;63;78;108;114;161;167,9,9,0,0.45,0.0
160,mean_full_data,proven_maximum_cardinality,0.015213600127026439,30;31;73;90;105;127;131;155;163;178,10,10,0,0.5,0.0
161,mean_full_data,proven_maximum_cardinality,0.012514299945905805,28;55;81;83;94;96;113;122;183;191,10,10,0,0.5,0.0
162,mean_full_data,proven_maximum_cardinality,0.009424499934539199,5;28;42;84;108;125;166;190,8,8,0,0.4,0.0
163,mean_full_data,proven_maximum_cardinality,0.01632099994458258,7;10;17;22;32;46;122;156;185,9,9,0,0.45,0.0
164,mean_full_data,proven_maximum_cardinality,0.005426299991086125,3;69;73;95;161;183,6,6,0,0.3,0.0
165,mean_full_data,proven_maximum_cardinality,0.007595899980515242,24;33;42;54;92;96;111;133;137;142;165;183,12,12,0,0.6,0.0
166,mean_full_data,proven_maximum_cardinality,0.01246869983151555,10;14;30;33;40;48;93;111;121;129;133;143;145;148;149;167;190,17,16,1,0.8,0.058823529411764705
167,mean_full_data,proven_maximum_cardinality,0.010260899784043431,6;8;21;36;55;66;85;117;130,9,9,0,0.45,0.0
168,mean_full_data,proven_maximum_cardinality,0.016808999935165048,31;63;67;75;94;105;121;148;161;163;169,11,11,0,0.55,0.0
169,mean_full_data,proven_maximum_cardinality,0.021712099900469184,4;37;47;87;110;120;171;173;180;192;197,11,11,0,0.55,0.0
170,mean_full_data,proven_maximum_cardinality,0.00805880012921989,16;47;61;66;103;140;173;176;197,9,9,0,0.45,0.0
171,mean_full_data,proven_maximum_cardinality,0.014743100153282285,6;60;64;72;120;128;135;154;168;183,10,10,0,0.5,0.0
172,mean_full_data,proven_maximum_cardinality,0.007403499912470579,17;25;71;82;94;105;116;139;156;191;199,11,11,0,0.55,0.0
173,mean_full_data,proven_maximum_cardinality,0.008564000017940998,13;27;37;60;62;84;94;126;135;145;163;165;178;189;193,15,15,0,0.75,0.0
174,mean_full_data,proven_maximum_cardinality,0.00845150020904839,1;10;36;41;62;68;124;126;153;160;183;189;192,13,13,0,0.65,0.0
175,mean_full_data,proven_maximum_cardinality,0.011841099942103028,8;17;31;40;41;78;79;108;114;119;152;178;183;189,14,14,0,0.7,0.0
176,mean_full_data,proven_maximum_cardinality,0.013875399949029088,10;24;33;46;104;128;134;137;152;164;178,11,11,0,0.55,0.0
177,mean_full_data,proven_maximum_cardinality,0.008557999972254038,1;23;31;70;73;131,6,6,0,0.3,0.0
178,mean_full_data,proven_maximum_cardinality,0.00914900004863739,36;69;88;97;119;122;124;134;163;173;197,11,11,0,0.55,0.0
179,mean_full_data,proven_maximum_cardinality,0.023373600095510483,39;43;131;150;163,5,5,0,0.25,0.0
180,mean_full_data,proven_maximum_cardinality,0.007806300185620785,4;6;10;23;31;41;70;89;136;142;152;158;183;191,14,14,0,0.7,0.0
181,mean_full_data,proven_maximum_cardinality,0.013267199974507093,17;21;24;120;156;165;176;184;187;197,10,10,0,0.5,0.0
182,mean_full_data,proven_maximum_cardinality,0.013396200025454164,1;13;18;23;34;38;45;54;85;99;109;165;195,13,13,0,0.65,0.0
183,mean_full_data,proven_maximum_cardinality,0.011643900070339441,38;66;70;96;97;100;141,7,7,0,0.35,0.0
184,mean_full_data,proven_maximum_cardinality,0.016120600048452616,10;44;46;63;66;74;109;146;151;159;167;190;194,13,13,0,0.65,0.0
185,mean_full_data,proven_maximum_cardinality,0.00705219991505146,19;23;34;43;64;173;187;188;196;199,10,10,0,0.5,0.0
186,mean_full_data,proven_maximum_cardinality,0.011413199827075005,0;14;47;54;81;83;110;138;162;174;181;198,12,12,0,0.6,0.0
187,mean_full_data,proven_maximum_cardinality,0.01778039988130331,7;74;80;116;135;136;150;151;177,9,9,0,0.45,0.0
188,mean_full_data,proven_maximum_cardinality,0.009725000010803342,44;80;82;125;159,5,5,0,0.25,0.0
189,mean_full_data,proven_maximum_cardinality,0.011139000067487359,9;46;56;59;63;72;81;105;145,9,9,0,0.45,0.0
190,mean_full_data,proven_maximum_cardinality,0.01416290015913546,4;16;65;74;77;105;125;126;147;188;190,11,11,0,0.55,0.0
191,mean_full_data,proven_maximum_cardinality,0.014119799947366118,3;31;33;67;68;75;81;106;159;174;178;193,12,12,0,0.6,0.0
192,mean_full_data,proven_maximum_cardinality,0.014067200012505054,22;32;91;106;137;168;172;174;180;192;194,11,11,0,0.55,0.0
193,mean_full_data,proven_maximum_cardinality,0.017557600047439337,56;78;91;124;143;192,6,6,0,0.3,0.0
194,mean_full_data,proven_maximum_cardinality,0.011930499924346805,7;33;52;78;128;135;163;166;178,9,9,0,0.45,0.0
195,mean_full_data,proven_maximum_cardinality,0.01758870016783476,32;62;103;115;127;130,6,6,0,0.3,0.0
196,mean_full_data,proven_maximum_cardinality,0.01249890006147325,3;7;43;87;99;137;142;148;159,9,9,0,0.45,0.0
197,mean_full_data,proven_maximum_cardinality,0.015143500175327063,2;33;46;47;82;109;114;178,8,8,0,0.4,0.0
198,mean_full_data,proven_maximum_cardinality,0.020081199938431382,35;61;91;100;117;134,6,6,0,0.3,0.0
199,mean_full_data,proven_maximum_cardinality,0.013474799925461411,10;30;41;64;104;119;126;133;143;147;172;189;191,13,13,0,0.65,0.0
200,mean_full_data,proven_maximum_cardinality,0.013139700051397085,16;28;84;86;87;89;102;114;115;146;198;199,12,12,0,0.6,0.0
201,mean_full_data,proven_maximum_cardinality,0.014520300086587667,14;34;35;55;76;84;112;116;180;188;198;199,12,12,0,0.6,0.0
202,mean_full_data,proven_maximum_cardinality,0.013206399977207184,8;11;39;63;73;86;99;104;128;142;174;195,12,11,1,0.55,0.08333333333333333
203,mean_full_data,proven_maximum_cardinality,0.018116199877113104,4;14;15;25;69;84;87;122;128;147;149;160;161;192;197,15,15,0,0.75,0.0
204,mean_full_data,proven_maximum_cardinality,0.01240870007313788,16;81;83;85;109;141;148;160,8,8,0,0.4,0.0
205,mean_full_data,proven_maximum_cardinality,0.00954950018785894,28;37;50;60;62;66;76;88;96;133;135;168;170;192,14,14,0,0.7,0.0
206,mean_full_data,proven_maximum_cardinality,0.014401799999177456,0;28;71;73;99;100;106;112;122;123;134;181,12,12,0,0.6,0.0
207,mean_full_data,proven_maximum_cardinality,0.009055099915713072,8;13;35;40;75;170;174,7,7,0,0.35,0.0
208,mean_full_data,proven_maximum_cardinality,0.011141200084239244,0;8;37;56;94;96;135;149,8,8,0,0.4,0.0
209,mean_full_data,proven_maximum_cardinality,0.010413200128823519,16;32;53;56;77;109;119;166;170;177;197,11,11,0,0.55,0.0
210,mean_full_data,proven_maximum_cardinality,0.010411499999463558,8;14;19;77;80;81;101;155;160;174;176;193,12,12,0,0.6,0.0
211,mean_full_data,proven_maximum_cardinality,0.009266299894079566,7;9;14;16;51;131;142;171;179;199,10,10,0,0.5,0.0
212,mean_full_data,proven_maximum_cardinality,0.01306599983945489,18;23;30;41;51;52;60;98;111;120;128;137;186,13,12,1,0.6,0.07692307692307693
213,mean_full_data,proven_maximum_cardinality,0.023589200107380748,23;27;28;40;66;75;92;116;125;127;132;136,12,12,0,0.6,0.0
214,mean_full_data,proven_maximum_cardinality,0.02120930003002286,17;31;92;134;158,5,5,0,0.25,0.0
215,mean_full_data,proven_maximum_cardinality,0.007925499929115176,7;17;18;29;30;38;41;46;55;73;80;110;129;146;148;177;194;198,18,18,0,0.9,0.0
216,mean_full_data,proven_maximum_cardinality,0.02169049996882677,13;34;42;55;79;88;105;114;150,9,9,0,0.45,0.0
217,mean_full_data,proven_maximum_cardinality,0.016794199822470546,56;60;149;174;183,5,5,0,0.25,0.0
218,mean_full_data,proven_maximum_cardinality,0.01619959995150566,1;25;35;45;51;60;73;76;103;111;113,11,11,0,0.55,0.0
219,mean_full_data,proven_maximum_cardinality,0.013263900065794587,100;110;125;136;179,5,5,0,0.25,0.0
220,mean_full_data,proven_maximum_cardinality,0.008971699979156256,0;6;8;14;15;52;85;93;108;116;172;183,12,12,0,0.6,0.0
221,mean_full_data,proven_maximum_cardinality,0.02049619983881712,6;19;44;47;50;117;121;127;161;189,10,10,0,0.5,0.0
222,mean_full_data,proven_maximum_cardinality,0.014614300103858113,10;19;20;23;28;34;38;75;118;119;135;148;160;186,14,14,0,0.7,0.0
223,mean_full_data,proven_maximum_cardinality,0.012878699926659465,27;36;88;90;111;116;119;134;157;167;183;193;197,13,13,0,0.65,0.0
224,mean_full_data,proven_maximum_cardinality,0.014532699948176742,3;4;45;77;91;114;118;137;144;162;193,11,11,0,0.55,0.0
225,mean_full_data,proven_maximum_cardinality,0.014541300013661385,12;35;59;85;119;125;152;167;180;194;199,11,11,0,0.55,0.0
226,mean_full_data,proven_maximum_cardinality,0.013390399981290102,8;14;52;77;122;124;143;174,8,7,1,0.35,0.125
227,mean_full_data,proven_maximum_cardinality,0.016395699931308627,34;44;61;123;124;142;148;174;178,9,8,1,0.4,0.1111111111111111
228,mean_full_data,proven_maximum_cardinality,0.017029999988153577,9;35;80;81;96;129;146;155,8,8,0,0.4,0.0
229,mean_full_data,proven_maximum_cardinality,0.010404200060293078,22;25;26;58;73;103;114;126;127;131;167,11,10,1,0.5,0.09090909090909091
230,mean_full_data,proven_maximum_cardinality,0.01426019985228777,26;63;72;76;129;156;179;184;195,9,9,0,0.45,0.0
231,mean_full_data,proven_maximum_cardinality,0.009652799926698208,22;34;52;61;82;109;131;139;148;157;193,11,11,0,0.55,0.0
232,mean_full_data,proven_maximum_cardinality,0.010814799927175045,29;50;80;123;152;162;168,7,7,0,0.35,0.0
233,mean_full_data,proven_maximum_cardinality,0.011724899988621473,13;43;54;56;91;155;159;180;189,9,9,0,0.45,0.0
234,mean_full_data,proven_maximum_cardinality,0.01230800012126565,2;11;19;30;53;72;75;77;93;108;115;116;139;151;170;188,16,16,0,0.8,0.0
235,mean_full_data,proven_maximum_cardinality,0.013497800100594759,9;15;16;17;25;69;118;150;176,9,9,0,0.45,0.0
236,mean_full_data,proven_maximum_cardinality,0.022356400033459067,3;6;78;89;119;136;142;181,8,8,0,0.4,0.0
237,mean_full_data,proven_maximum_cardinality,0.014457100071012974,18;33;35;40;67;72;78;80;88;100;123;144;151;191;198,15,14,1,0.7,0.06666666666666667
238,mean_full_data,proven_maximum_cardinality,0.009282100014388561,46;75;82;95;98;109;118;124;163;182,10,10,0,0.5,0.0
239,mean_full_data,proven_maximum_cardinality,0.010015000123530626,10;12;39;68;77;90;91;102;131;138;150;154;186,13,13,0,0.65,0.0
240,mean_full_data,proven_maximum_cardinality,0.017989999847486615,17;20;29;31;64;86;97;99;122;132;182,11,11,0,0.55,0.0
241,mean_full_data,proven_maximum_cardinality,0.01697790017351508,10;40;43;77;136;149;157;163;195,9,9,0,0.45,0.0
242,mean_full_data,proven_maximum_cardinality,0.018127900082617998,53;54;65;72;76;88;116;121;125;129;135;138;170;187,14,14,0,0.7,0.0
243,mean_full_data,proven_maximum_cardinality,0.01892459997907281,55;101;113;116;140;149;153;192;196,9,9,0,0.45,0.0
244,mean_full_data,proven_maximum_cardinality,0.020137399900704622,6;14;32;62;100;119;169;171;189,9,9,0,0.45,0.0
245,mean_full_data,proven_maximum_cardinality,0.011431700084358454,35;49;60;73;81;92;95;101;104;137;156,11,11,0,0.55,0.0
246,mean_full_data,proven_maximum_cardinality,0.013206399977207184,32;76;83;87;97;106;114;122;129;130;137;141;162;168,14,14,0,0.7,0.0
247,mean_full_data,proven_maximum_cardinality,0.018969800090417266,22;51;58;65;108;120;126;127;148;155;163;195,12,12,0,0.6,0.0
248,mean_full_data,proven_maximum_cardinality,0.015224499860778451,46;47;53;66;95;96;106;110;133;145;176,11,11,0,0.55,0.0
249,mean_full_data,proven_maximum_cardinality,0.018240999896079302,23;32;47;49;58;129;141;144;152;161;180;187,12,12,0,0.6,0.0
250,mean_full_data,proven_maximum_cardinality,0.013636399991810322,3;11;44;58;65;68;115;131;134;154;157,11,11,0,0.55,0.0
251,mean_full_data,proven_maximum_cardinality,0.01116400002501905,26;35;88;89;92;104;107;111;113;120;138;169;174;192;194,15,15,0,0.75,0.0
252,mean_full_data,proven_maximum_cardinality,0.013770899968221784,32;37;56;61;73;107;115;116;155;159;179;198;199,13,13,0,0.65,0.0
253,mean_full_data,proven_maximum_cardinality,0.011575300013646483,4;43;65;101;120;138;139;146;153;171;179;181;198,13,13,0,0.65,0.0
254,mean_full_data,proven_maximum_cardinality,0.024626399856060743,1;32;84;101;140;161;165;193;194,9,9,0,0.45,0.0
255,mean_full_data,proven_maximum_cardinality,0.010576700093224645,33;36;74;97;98;104;148;171,8,8,0,0.4,0.0
256,mean_full_data,proven_maximum_cardinality,0.01488419994711876,17;42;44;46;61;82;85;93;98;110;134;135;137;151;156,15,15,0,0.75,0.0
257,mean_full_data,proven_maximum_cardinality,0.008873800048604608,48;55;66;71;107;126;132;168;171;173;175,11,11,0,0.55,0.0
258,mean_full_data,proven_maximum_cardinality,0.014900400070473552,3;27;31;59;81;109,6,6,0,0.3,0.0
259,mean_full_data,proven_maximum_cardinality,0.014132200041785836,4;14;20;54;65;80;120;122;154;170;199,11,11,0,0.55,0.0
260,mean_full_data,proven_maximum_cardinality,0.023238299880176783,4;33;41;112;129;132;133;150;159;184,10,10,0,0.5,0.0
261,mean_full_data,proven_maximum_cardinality,0.007778499973937869,16;27;50;61;69;75;93;109;111;116;134;149;152;194,14,14,0,0.7,0.0
262,mean_full_data,proven_maximum_cardinality,0.019879700150340796,43;46;66;82;98;135;150;156;167;182,10,10,0,0.5,0.0
263,mean_full_data,proven_maximum_cardinality,0.0209927000105381,11;19;106;140;161;177;191;196,8,8,0,0.4,0.0
264,mean_full_data,proven_maximum_cardinality,0.01254909997805953,6;16;45;91;104;106;117;134;142;146;151;166,12,12,0,0.6,0.0
265,mean_full_data,proven_maximum_cardinality,0.020902799908071756,9;32;46;57;75;113;130;141;163,9,9,0,0.45,0.0
266,mean_full_data,proven_maximum_cardinality,0.008058900013566017,5;15;25;46;54;74;98;102;107;114;123;130;137;145;151;162;167;179;194,19,19,0,0.95,0.0
267,mean_full_data,proven_maximum_cardinality,0.017993099987506866,12;23;33;55;76;94;110;130;139;146;192,11,11,0,0.55,0.0
268,mean_full_data,proven_maximum_cardinality,0.011838699923828244,10;22;35;40;44;114;130;136;146;159;161,11,11,0,0.55,0.0
269,mean_full_data,proven_maximum_cardinality,0.020414500031620264,2;25;26;28;50;72;78;122;151;162,10,10,0,0.5,0.0
270,mean_full_data,proven_maximum_cardinality,0.009318599943071604,15;16;34;37;48;71;78;87;160;187,10,10,0,0.5,0.0
271,mean_full_data,proven_maximum_cardinality,0.015699800103902817,8;33;61;73;77;86;96;109;118;138;140,11,11,0,0.55,0.0
272,mean_full_data,proven_maximum_cardinality,0.010257800109684467,17;29;37;63;73;106;143;155;157;174;175;176,12,12,0,0.6,0.0
273,mean_full_data,proven_maximum_cardinality,0.015323499916121364,13;47;63;163;167,5,5,0,0.25,0.0
274,mean_full_data,proven_maximum_cardinality,0.005573400063440204,8;37;55;60;98;127;137;140;141;146;158;170;181,13,13,0,0.65,0.0
275,mean_full_data,proven_maximum_cardinality,0.01458800002001226,54;139,2,2,0,0.1,0.0
276,mean_full_data,proven_maximum_cardinality,0.01115179993212223,1;2;15;29;32;34;39;40;55;107;168;186;187;199,14,14,0,0.7,0.0
277,mean_full_data,proven_maximum_cardinality,0.011940700002014637,52;54;68;74;87;96;99;116;126;146;150;193,12,12,0,0.6,0.0
278,mean_full_data,proven_maximum_cardinality,0.011972700012847781,21;26;32;44;60;76;80;81;102;124;133;139;151;179;185,15,14,1,0.7,0.06666666666666667
279,mean_full_data,proven_maximum_cardinality,0.011694199871271849,9;27;34;36;52;59;80;110;119;123;143;172;185,13,13,0,0.65,0.0
280,mean_full_data,proven_maximum_cardinality,0.012776699848473072,31;43;57;75;76;109;178,7,7,0,0.35,0.0
281,mean_full_data,proven_maximum_cardinality,0.011731700040400028,20;59;82;114;127;128;143;146;150;157;167;179;184,13,13,0,0.65,0.0
282,mean_full_data,proven_maximum_cardinality,0.013155000051483512,27;29;40;50;67;69;71;103;109;130;134;166;167,13,13,0,0.65,0.0
283,mean_full_data,proven_maximum_cardinality,0.01444850000552833,12;22;44;71;83;88;112;113;132;139;148;164;172;184;188,15,15,0,0.75,0.0
284,mean_full_data,proven_maximum_cardinality,0.009810100076720119,31;110;118;120;121;137;142;178;181;182,10,9,1,0.45,0.1
285,mean_full_data,proven_maximum_cardinality,0.021398999961093068,10;13;26;35;42;74;107;123;151;160;178;192,12,12,0,0.6,0.0
286,mean_full_data,proven_maximum_cardinality,0.026383699849247932,32;68;94;113;144;154;155;160;172,9,9,0,0.45,0.0
287,mean_full_data,proven_maximum_cardinality,0.012927200179547071,1;49;53;55;57;81;88;123;144;150;170;181;194,13,13,0,0.65,0.0
288,mean_full_data,proven_maximum_cardinality,0.015555699821561575,11;43;57;71;92;93;104;105;127;133;150;175,12,12,0,0.6,0.0
289,mean_full_data,proven_maximum_cardinality,0.015772900078445673,19;39;50;56;69;82;137;141;159;161;177,11,11,0,0.55,0.0
290,mean_full_data,proven_maximum_cardinality,0.010937999933958054,28;42;53;59;62;74;96;110;112;121;175;191,12,12,0,0.6,0.0
291,mean_full_data,proven_maximum_cardinality,0.010374999837949872,22;35;40;53;61;98;141;174;185;188,10,10,0,0.5,0.0
292,mean_full_data,proven_maximum_cardinality,0.015125799924135208,14;18;35;57;58;76;87;107;115;116;118;138;192,13,12,1,0.6,0.07692307692307693
293,mean_full_data,proven_maximum_cardinality,0.008879199856892228,7;44;48;61;96;99;102;122;132;149;187,11,11,0,0.55,0.0
294,mean_full_data,proven_maximum_cardinality,0.008092900039628148,0;25;57;85;98;107;114;118;140;154;160;165;199,13,13,0,0.65,0.0
295,mean_full_data,proven_maximum_cardinality,0.01799979992210865,6;51;56;59;68;77;90;94;120;133;139;192,12,12,0,0.6,0.0
296,mean_full_data,proven_maximum_cardinality,0.010940400185063481,31;63;77;81;85;97;128;133;138;146;152;181;186,13,13,0,0.65,0.0
297,mean_full_data,proven_maximum_cardinality,0.015170000027865171,15;36;43;78;84;86;116;125;194;199,10,10,0,0.5,0.0
298,mean_full_data,proven_maximum_cardinality,0.022720999782904983,27;32;40;47;49;113;137;143;158;193,10,10,0,0.5,0.0
299,mean_full_data,proven_maximum_cardinality,0.020927099976688623,4;25;30;35;44;83;87;95;96;99;137;182,12,12,0,0.6,0.0
300,mean_full_data,proven_maximum_cardinality,0.01586039992980659,9;57;78;112;113;120;135;138;152;174;179;184;188,13,13,0,0.65,0.0
301,mean_full_data,proven_maximum_cardinality,0.00816960004158318,13;44;76;121;135;137;159;175;180;195,10,10,0,0.5,0.0
302,mean_full_data,proven_maximum_cardinality,0.014944899827241898,0;5;33;51;69;91;103;104;105;110;128;152,12,12,0,0.6,0.0
303,mean_full_data,proven_maximum_cardinality,0.011172899976372719,24;77;136;138;140;147;189;198,8,8,0,0.4,0.0
304,mean_full_data,proven_maximum_cardinality,0.006844300078228116,12;31;42;45;51;72;83;111;114;139;146;156;158;166;196,15,15,0,0.75,0.0
305,mean_full_data,proven_maximum_cardinality,0.012011599959805608,15;33;41;55;63;67;132;138;168,9,9,0,0.45,0.0
306,mean_full_data,proven_maximum_cardinality,0.011721400078386068,0;16;32;34;76;108;143;151;188,9,8,1,0.4,0.1111111111111111
307,mean_full_data,proven_maximum_cardinality,0.01650609984062612,16;32;56;66;94;99;100;106;108;127;152;171,12,12,0,0.6,0.0
308,mean_full_data,proven_maximum_cardinality,0.01762509997934103,0;11;26;32;36;56;58;89;127;135;153;173;199,13,11,2,0.55,0.15384615384615385
309,mean_full_data,proven_maximum_cardinality,0.015904400032013655,43;49;75;78;87;118;122;161;171;176,10,10,0,0.5,0.0
310,mean_full_data,proven_maximum_cardinality,0.014472599839791656,9;52;83;114;115;150,6,6,0,0.3,0.0
311,mean_full_data,proven_maximum_cardinality,0.0153330999892205,2;12;26;48;55;63;112;130;150;171;174,11,11,0,0.55,0.0
312,mean_full_data,proven_maximum_cardinality,0.010394300101324916,25;65;81;128;146;159,6,6,0,0.3,0.0
313,mean_full_data,proven_maximum_cardinality,0.01111790002323687,15;38;66;104;118;127;134;137;151;198;199,11,11,0,0.55,0.0
314,mean_full_data,proven_maximum_cardinality,0.011278799967840314,8;9;40;61;84;98;99;101;103;117;118;121;154;157;173;185,16,16,0,0.8,0.0
315,mean_full_data,proven_maximum_cardinality,0.01227619987912476,27;37;108;117;140;145;151;154;189;198,10,10,0,0.5,0.0
316,mean_full_data,proven_maximum_cardinality,0.010880399961024523,1;19;42;64;80;116;150;154;159;166;187,11,11,0,0.55,0.0
317,mean_full_data,proven_maximum_cardinality,0.018118799896910787,25;34;62;76;82;97;117;167;188;196,10,10,0,0.5,0.0
318,mean_full_data,proven_maximum_cardinality,0.020808300003409386,11;54;70;75;76;85;87;104;129;144;152;189;195;199,14,14,0,0.7,0.0
319,mean_full_data,proven_maximum_cardinality,0.008193799993023276,10;12;24;31;46;57;65;72;111;126;128;130;156;162,14,14,0,0.7,0.0
320,mean_full_data,proven_maximum_cardinality,0.01820719987154007,22;27;42;45;54;61;77;118;125;185;189;198,12,12,0,0.6,0.0
321,mean_full_data,proven_maximum_cardinality,0.0238775999750942,0;17;45;56;64;78;83;92;105;106;140;160;179;190,14,14,0,0.7,0.0
322,mean_full_data,proven_maximum_cardinality,0.010677899932488799,24;41;48;55;56;98;104,7,7,0,0.35,0.0
323,mean_full_data,proven_maximum_cardinality,0.009238000027835369,6;40;48;57;73;76;81;82;84;127;154;173;174;176;192,15,14,1,0.7,0.06666666666666667
324,mean_full_data,proven_maximum_cardinality,0.009757300140336156,7;10;14;43;45;80;82;91;127;130;150;176,12,11,1,0.55,0.08333333333333333
325,mean_full_data,proven_maximum_cardinality,0.012120800092816353,106;113;129;130;148;191,6,6,0,0.3,0.0
326,mean_full_data,proven_maximum_cardinality,0.009741799905896187,15;32;47;60;87;102;123;126;135;147;152;175;185;197,14,13,1,0.65,0.07142857142857142
327,mean_full_data,proven_maximum_cardinality,0.00839820015244186,3;5;30;71;80;110;111;138;177,9,9,0,0.45,0.0
328,mean_full_data,proven_maximum_cardinality,0.006948699941858649,8;53;67;78;106;109;133;152;153;155;172,11,11,0,0.55,0.0
329,mean_full_data,proven_maximum_cardinality,0.01245729997754097,6;13;31;39;54;68;107;109;110;158;188,11,11,0,0.55,0.0
330,mean_full_data,proven_maximum_cardinality,0.007977899862453341,3;13;21;29;36;38;40;55;66;75;94;103;120;123;129;193,16,15,1,0.75,0.0625
331,mean_full_data,proven_maximum_cardinality,0.015118800103664398,4;12;33;35;97;98;126;154;170;183;186;193,12,12,0,0.6,0.0
332,mean_full_data,proven_maximum_cardinality,0.014652699930593371,17;41;44;74;96;106;121;152;180;191;193,11,11,0,0.55,0.0
333,mean_full_data,proven_maximum_cardinality,0.0233279000967741,3;5;13;18;25;30;31;44;61;83;90;95;104;115;193,15,15,0,0.75,0.0
334,mean_full_data,proven_maximum_cardinality,0.010379599872976542,15;22;25;38;46;62;82;92;119;130;161;180;186,13,12,1,0.6,0.07692307692307693
335,mean_full_data,proven_maximum_cardinality,0.0114869000390172,6;19;49;93;122;141;159;164;167;181,10,10,0,0.5,0.0
336,mean_full_data,proven_maximum_cardinality,0.018455800134688616,8;17;19;120;159;169,6,6,0,0.3,0.0
337,mean_full_data,proven_maximum_cardinality,0.013399000046774745,30;33;39;47;81;91;96,7,7,0,0.35,0.0
338,mean_full_data,proven_maximum_cardinality,0.02079139999113977,54;67;68;74;78;93;99;117;137;166;182;187;191,13,13,0,0.65,0.0
339,mean_full_data,proven_maximum_cardinality,0.011291599832475185,32;42;76;100;126;131;133;138;146;148;162;190,12,12,0,0.6,0.0
340,mean_full_data,proven_maximum_cardinality,0.017232100013643503,1;3;7;34;41;101;111;118;141;163;182;191,12,12,0,0.6,0.0
341,mean_full_data,proven_maximum_cardinality,0.015461999922990799,1;19;21;23;49;100;133;146;161;169;184;198,12,12,0,0.6,0.0
342,mean_full_data,proven_maximum_cardinality,0.02458440000191331,1;30;32;35;41;55;73;85;172;184,10,10,0,0.5,0.0
343,mean_full_data,proven_maximum_cardinality,0.021740300115197897,14;48;67;76;101;113;119;130;149;181;186,11,10,1,0.5,0.09090909090909091
344,mean_full_data,proven_maximum_cardinality,0.016871499828994274,12;31;66;70;88;167;190,7,7,0,0.35,0.0
345,mean_full_data,proven_maximum_cardinality,0.018182000145316124,6;23;26;55;58;70;97;112;114;146;166;176,12,12,0,0.6,0.0
346,mean_full_data,proven_maximum_cardinality,0.017289299983531237,16;63;82;84;91;139;166;173;182;198,10,10,0,0.5,0.0
347,mean_full_data,proven_maximum_cardinality,0.0212736998219043,32;78;97;136;146;150;165;182;194,9,9,0,0.45,0.0
348,mean_full_data,proven_maximum_cardinality,0.008642800152301788,21;30;55;109;120;127;155;159;163;185;190;195,12,12,0,0.6,0.0
349,mean_full_data,proven_maximum_cardinality,0.01596229989081621,31;38;67;81;127;135;147;157;159;177;193;195,12,12,0,0.6,0.0
350,mean_full_data,proven_maximum_cardinality,0.01806230004876852,14;30;32;37;40;57;75;106;119;121;147;168,12,12,0,0.6,0.0
351,mean_full_data,proven_maximum_cardinality,0.016691700089722872,8;56;67;78;115;150;161;182,8,8,0,0.4,0.0
352,mean_full_data,proven_maximum_cardinality,0.016959399916231632,6;17;29;97;102;111;112;122;179;180,10,10,0,0.5,0.0
353,mean_full_data,proven_maximum_cardinality,0.01808559987694025,9;15;33;53;98;170;178,7,7,0,0.35,0.0
354,mean_full_data,proven_maximum_cardinality,0.020888800034299493,16;39;82;88;105;130;131;133;162;176,10,10,0,0.5,0.0
355,mean_full_data,proven_maximum_cardinality,0.01981749990954995,37;51;55;65;76;78;90;167;172;180;187,11,11,0,0.55,0.0
356,mean_full_data,proven_maximum_cardinality,0.019454800058156252,58;69;79;84;109;112;130;133;136;153;185;188;189,13,12,1,0.6,0.07692307692307693
357,mean_full_data,proven_maximum_cardinality,0.02056849980726838,29;82;91;92;124;125;154;162;173;174;195,11,11,0,0.55,0.0
358,mean_full_data,proven_maximum_cardinality,0.020569900050759315,11;28;47;57;74;125;128;149;163;164;166,11,11,0,0.55,0.0
359,mean_full_data,proven_maximum_cardinality,0.012931199977174401,5;36;97;120;129;142;144;149;198,9,9,0,0.45,0.0
360,mean_full_data,proven_maximum_cardinality,0.01158060017041862,53;79;91;115;122;124;144;155;196,9,9,0,0.45,0.0
361,mean_full_data,proven_maximum_cardinality,0.013021300081163645,21;27;30;47;61;65;85;120;134;152;157,11,11,0,0.55,0.0
362,mean_full_data,proven_maximum_cardinality,0.014708400005474687,4;7;9;15;93;94;100;162;180;183,10,10,0,0.5,0.0
363,mean_full_data,proven_maximum_cardinality,0.02011709986254573,5;8;55;85;106;164;189,7,7,0,0.35,0.0
364,mean_full_data,proven_maximum_cardinality,0.018454000120982528,7;16;25;42;95;114;131;147;159;177;178;190,12,12,0,0.6,0.0
365,mean_full_data,proven_maximum_cardinality,0.02873279992491007,16;20;49;53;59;85;86;94;110;175,10,10,0,0.5,0.0
366,mean_full_data,proven_maximum_cardinality,0.020362499868497252,46;50;68;72;88;101;112;121;126;172;180;196,12,12,0,0.6,0.0
367,mean_full_data,proven_maximum_cardinality,0.023568599950522184,0;17;40;52;53;67;90;112;158;170;173;178;188,13,13,0,0.65,0.0
368,mean_full_data,proven_maximum_cardinality,0.018136800033971667,14;36;81;93;108;109;139;174;184;185;198,11,11,0,0.55,0.0
369,mean_full_data,proven_maximum_cardinality,0.016044499818235636,12;28;31;35;39;78;80;123;124;141;144;155;173;177;193;198,16,15,1,0.75,0.0625
370,mean_full_data,proven_maximum_cardinality,0.015028499998152256,2;8;29;31;54;66;72;94;138;148;162;168;181;182;191,15,15,0,0.75,0.0
371,mean_full_data,proven_maximum_cardinality,0.017817999934777617,4;41;45;77;80;82;90;123;127;160;198,11,11,0,0.55,0.0
372,mean_full_data,proven_maximum_cardinality,0.010106900008395314,11;38;42;44;48;67;111;126;168;175;186,11,11,0,0.55,0.0
373,mean_full_data,proven_maximum_cardinality,0.01259059994481504,14;42;48;51;56;57;72;85;87;109;124;127;132;140,14,14,0,0.7,0.0
374,mean_full_data,proven_maximum_cardinality,0.016108500072732568,14;22;44;53;65;71;127;156;158;171;191,11,11,0,0.55,0.0
375,mean_full_data,proven_maximum_cardinality,0.020155000034719706,3;6;10;32;42;47;84;144;192,9,9,0,0.45,0.0
376,mean_full_data,proven_maximum_cardinality,0.013842500047758222,5;27;28;30;42;53;59;61;86;125;135;137;190;196,14,14,0,0.7,0.0
377,mean_full_data,proven_maximum_cardinality,0.015080600045621395,16;23;117;125;137;138;144;146;163;189,10,10,0,0.5,0.0
378,mean_full_data,proven_maximum_cardinality,0.012068799929693341,29;73;79;86;115;155,6,6,0,0.3,0.0
379,mean_full_data,proven_maximum_cardinality,0.015061800135299563,14;28;60;75;80;111;114;125;127;172;173;175,12,12,0,0.6,0.0
380,mean_full_data,proven_maximum_cardinality,0.013744099996984005,55;67;81;90;114;136;160;167;177;183,10,10,0,0.5,0.0
381,mean_full_data,proven_maximum_cardinality,0.03526809997856617,21;85;122;134;174;179;184;196,8,8,0,0.4,0.0
382,mean_full_data,proven_maximum_cardinality,0.02260309993289411,6;20;35;39;79;93;124;156;173,9,9,0,0.45,0.0
383,mean_full_data,proven_maximum_cardinality,0.01747269998304546,2;80;88;113;119;121;146;147;179;187,10,9,1,0.45,0.1
384,mean_full_data,proven_maximum_cardinality,0.021454399917274714,9;49;53;55;71;91;116;127;189;192;194,11,11,0,0.55,0.0
385,mean_full_data,proven_maximum_cardinality,0.02306089992634952,8;11;14;35;92;93;138;140;152;157;167,11,11,0,0.55,0.0
386,mean_full_data,proven_maximum_cardinality,0.013499599881470203,20;24;66;72;90;94;99;116;141;143;170;177;183;194;198,15,15,0,0.75,0.0
387,mean_full_data,proven_maximum_cardinality,0.021493899868801236,12;13;20;29;68;91;96;109;114;136;176;184;187;191;197,15,15,0,0.75,0.0
388,mean_full_data,proven_maximum_cardinality,0.012814500136300921,7;11;32;49;55;82;101;120;144;152;172;186,12,12,0,0.6,0.0
389,mean_full_data,proven_maximum_cardinality,0.02144309994764626,88;150;163;184,4,4,0,0.2,0.0
390,mean_full_data,proven_maximum_cardinality,0.025819199858233333,6;9;24;30;36;56;81;94;105;115;141;152;162,13,13,0,0.65,0.0
391,mean_full_data,proven_maximum_cardinality,0.009160600136965513,10;33;39;86;166;197,6,6,0,0.3,0.0
392,mean_full_data,proven_maximum_cardinality,0.010448599932715297,1;32;41;61;79;85;99;107;114;117;130;160,12,12,0,0.6,0.0
393,mean_full_data,proven_maximum_cardinality,0.007939399918541312,47;68;91;142,4,4,0,0.2,0.0
394,mean_full_data,proven_maximum_cardinality,0.00960349990054965,52;62;100;140;175;191,6,6,0,0.3,0.0
395,mean_full_data,proven_maximum_cardinality,0.00950010004453361,10;12;92;107;111;113;115;122;128;130;135;160;167;172;197,15,15,0,0.75,0.0
396,mean_full_data,proven_maximum_cardinality,0.006998499855399132,29;38;46;70;93;130;146;165;184;186;187;194;197,13,13,0,0.65,0.0
397,mean_full_data,proven_maximum_cardinality,0.013113099848851562,28;31;44;93;106;155;180,7,7,0,0.35,0.0
398,mean_full_data,proven_maximum_cardinality,0.013955200091004372,11;17;27;65;66;75;80;95;100;116;133;142;178;188,14,14,0,0.7,0.0
399,mean_full_data,proven_maximum_cardinality,0.01239980012178421,41;44;83;86;94;95;120;143;146;175;186,11,11,0,0.55,0.0
400,mean_full_data,proven_maximum_cardinality,0.010326300049200654,7;12;17;25;50;60;137;146;149;156;163;188;195,13,13,0,0.65,0.0
401,mean_full_data,proven_maximum_cardinality,0.009949600091204047,16;26;36;39;44;82;109;127;132;139;142;154;185;196,14,14,0,0.7,0.0
402,mean_full_data,proven_maximum_cardinality,0.019141600001603365,7;44;75;86;101;123;128;155;176;192;197,11,11,0,0.55,0.0
403,mean_full_data,proven_maximum_cardinality,0.011957400012761354,2;19;40;47;62;82;132;141;143;167;191,11,11,0,0.55,0.0
404,mean_full_data,proven_maximum_cardinality,0.01569370017386973,8;26;30;43;62;75;80;103;167;169;178;189,12,12,0,0.6,0.0
405,mean_full_data,proven_maximum_cardinality,0.007262800121679902,1;54;79;89;93;95;167;168;172;194,10,10,0,0.5,0.0
406,mean_full_data,proven_maximum_cardinality,0.01203179988078773,21;24;37;58;64;95;107;123;130;144;184;190,12,12,0,0.6,0.0
407,mean_full_data,proven_maximum_cardinality,0.015346799977123737,12;28;32;36;66;72;87;93;147;161;186;196,12,11,1,0.55,0.08333333333333333
408,mean_full_data,proven_maximum_cardinality,0.009728899924084544,14;16;33;41;59;82;104;124;158;163;178;181;199,13,11,2,0.55,0.15384615384615385
409,mean_full_data,proven_maximum_cardinality,0.01887089991942048,3;17;19;27;28;42;48;53;60;77;103;110;159;189;199,15,14,1,0.7,0.06666666666666667
410,mean_full_data,proven_maximum_cardinality,0.014437899924814701,93;96;99;112;114;153;174;177;182;197,10,9,1,0.45,0.1
411,mean_full_data,proven_maximum_cardinality,0.007353299995884299,4;90;158,3,3,0,0.15,0.0
412,mean_full_data,proven_maximum_cardinality,0.011291200062260032,5;7;36;44;76;126;127;140;154;168;191,11,11,0,0.55,0.0
413,mean_full_data,proven_maximum_cardinality,0.010761199984699488,16;17;35;62;76;85;93;95;105;118;138;177,12,11,1,0.55,0.08333333333333333
414,mean_full_data,proven_maximum_cardinality,0.016125299967825413,3;26;28;56;62;66;84;126;144;153;157;167;191,13,13,0,0.65,0.0
415,mean_full_data,proven_maximum_cardinality,0.005647199926897883,81;119;133;134;136;140;146;174;190,9,9,0,0.45,0.0
416,mean_full_data,proven_maximum_cardinality,0.011774000013247132,20;102;115;116;126;159;160;175,8,8,0,0.4,0.0
417,mean_full_data,proven_maximum_cardinality,0.01356440014205873,26;39;44;52;63;76;109;133;145;157;169;178,12,11,1,0.55,0.08333333333333333
418,mean_full_data,proven_maximum_cardinality,0.018146600108593702,59;66;79;80;121;136;175;186;196;198,10,10,0,0.5,0.0
419,mean_full_data,proven_maximum_cardinality,0.014730199938639998,17;47;51;57;64;75;84;109;121;123;124;137;179;186;194,15,15,0,0.75,0.0
420,mean_full_data,proven_maximum_cardinality,0.009024499915540218,7;8;40;51;57;64;103;124;127;147;153;157;160;176,14,14,0,0.7,0.0
421,mean_full_data,proven_maximum_cardinality,0.011254299897700548,35;37;71;87;118;127;132;141;174,9,9,0,0.45,0.0
422,mean_full_data,proven_maximum_cardinality,0.019567100098356605,1;20;37;88;97;120;135;136;137;152;156;176,12,12,0,0.6,0.0
423,mean_full_data,proven_maximum_cardinality,0.016298800008371472,5;63;84;120;151;153;157;161;170;180;187,11,11,0,0.55,0.0
424,mean_full_data,proven_maximum_cardinality,0.017836199840530753,17;25;43;87;106;155;165;177;179;197,10,10,0,0.5,0.0
425,mean_full_data,proven_maximum_cardinality,0.013027900131419301,45;78;126;133;159;183;188;194,8,8,0,0.4,0.0
426,mean_full_data,proven_maximum_cardinality,0.014921100111678243,23;37;62;113;116;141;142;154;197,9,9,0,0.45,0.0
427,mean_full_data,proven_maximum_cardinality,0.01421739999204874,25;38;51;53;61;123;129;132;148,9,9,0,0.45,0.0
428,mean_full_data,proven_maximum_cardinality,0.012050299905240536,15;26;41;52;59;87;117;119;120;125;137;178,12,12,0,0.6,0.0
429,mean_full_data,proven_maximum_cardinality,0.01253579999320209,7;12;19;49;53;65;67;88;109;147;157;186,12,12,0,0.6,0.0
430,mean_full_data,proven_maximum_cardinality,0.010959200095385313,1;45;70;126;134;162;165;169;186;188,10,10,0,0.5,0.0
431,mean_full_data,proven_maximum_cardinality,0.018300200114026666,22;45;60;63;95;101;121;132;141;157;179;197,12,12,0,0.6,0.0
432,mean_full_data,proven_maximum_cardinality,0.021454199915751815,18;32;33;64;71;185;188;197,8,8,0,0.4,0.0
433,mean_full_data,proven_maximum_cardinality,0.011283500120043755,7;8;19;21;27;34;59;100;103;111;121;126;145;149;192,15,15,0,0.75,0.0
434,mean_full_data,proven_maximum_cardinality,0.018505800049751997,8;11;20;35;44;85;94;105;110;117;128;135;190;199,14,14,0,0.7,0.0
435,mean_full_data,proven_maximum_cardinality,0.017858800012618303,12;19;57;105;121;163;166;172;174;193,10,9,1,0.45,0.1
436,mean_full_data,proven_maximum_cardinality,0.00971350003965199,13;20;52;67;114;117;129;140;142;151;154;165;166,13,13,0,0.65,0.0
437,mean_full_data,proven_maximum_cardinality,0.022506300127133727,12;13;67;101;109;133;144;154;175,9,9,0,0.45,0.0
438,mean_full_data,proven_maximum_cardinality,0.012981500010937452,24;33;84;92;102;106;117;169;182,9,9,0,0.45,0.0
439,mean_full_data,proven_maximum_cardinality,0.008128599962219596,0;12;18;28;34;37;76;117;120;141;147;153;176;182;186,15,15,0,0.75,0.0
440,mean_full_data,proven_maximum_cardinality,0.012907299911603332,10;16;19;30;46;52;76;91;104;108;110;137;139;162;173;182,16,15,1,0.75,0.0625
441,mean_full_data,proven_maximum_cardinality,0.031155399978160858,92;113;120;129;148;150;158;189;193,9,9,0,0.45,0.0
442,mean_full_data,proven_maximum_cardinality,0.018027700018137693,5;18;42;44;69;73;85;100;129;182;193;195,12,12,0,0.6,0.0
443,mean_full_data,proven_maximum_cardinality,0.01554029993712902,30;41;84;88;89;90;95;139;161;174,10,10,0,0.5,0.0
444,mean_full_data,proven_maximum_cardinality,0.0113665999379009,5;7;14;35;56;57;85;92;104;129;142;164;177;194,14,14,0,0.7,0.0
445,mean_full_data,proven_maximum_cardinality,0.00878600007854402,42;48;50;52;65;68;72;92;107;112;121;136;140;147;153;176;181;183,18,18,0,0.9,0.0
446,mean_full_data,proven_maximum_cardinality,0.023437900003045797,31;62;89;97;103;160;167;171,8,8,0,0.4,0.0
447,mean_full_data,proven_maximum_cardinality,0.017448100028559566,1;72;121;123;134;142;172;177;192;193,10,10,0,0.5,0.0
448,mean_full_data,proven_maximum_cardinality,0.017221800051629543,33;44;50;52;53;62;97;114;119;125;166,11,11,0,0.55,0.0
449,mean_full_data,proven_maximum_cardinality,0.012499299831688404,0;15;57;67;74;77;80;88;93;102;108;136;139;154;156,15,15,0,0.75,0.0
450,mean_full_data,proven_maximum_cardinality,0.019881200045347214,51;63;68;84;91;98;117;137;146;147,10,10,0,0.5,0.0
451,mean_full_data,proven_maximum_cardinality,0.013206700095906854,0;4;11;17;57;98;101;110;121;163;180;185;199,13,13,0,0.65,0.0
452,mean_full_data,proven_maximum_cardinality,0.01770540000870824,13;19;40;70;79;102;104;115;128;150;181;189,12,12,0,0.6,0.0
453,mean_full_data,proven_maximum_cardinality,0.020166500005871058,1;12;24;35;38;60;64;65;67;84;96;151;154;175,14,14,0,0.7,0.0
454,mean_full_data,proven_maximum_cardinality,0.007014500210061669,6;22;28;33;40;49;54;68;72;103;129;146;159,13,13,0,0.65,0.0
455,mean_full_data,proven_maximum_cardinality,0.017249699914827943,7;75;135;152;153;171;194,7,7,0,0.35,0.0
456,mean_full_data,proven_maximum_cardinality,0.01943290000781417,3;18;25;35;61;66;89;111;160;162;181;193;199,13,13,0,0.65,0.0
457,mean_full_data,proven_maximum_cardinality,0.012216900009661913,3;18;27;61;70;80;81;82;103;106;115;139;156;176,14,14,0,0.7,0.0
458,mean_full_data,proven_maximum_cardinality,0.015578699996694922,14;38;91,3,3,0,0.15,0.0
459,mean_full_data,proven_maximum_cardinality,0.012969900155439973,31;35;56;77;81;89;95;102;133;142;145;172;199,13,13,0,0.65,0.0
460,mean_full_data,proven_maximum_cardinality,0.021796900080516934,7;16;82;103;105;136;177;180,8,8,0,0.4,0.0
461,mean_full_data,proven_maximum_cardinality,0.016735700191929936,0;4;8;42;45;65;67;93;103;116;125;134;152;172;183,15,14,1,0.7,0.06666666666666667
462,mean_full_data,proven_maximum_cardinality,0.016801799880340695,8;11;33;40;48;96;97;101;122;154;163;186,12,12,0,0.6,0.0
463,mean_full_data,proven_maximum_cardinality,0.01458309986628592,2;28;52;58;71;94;130;132;138;150;168;184;189,13,13,0,0.65,0.0
464,mean_full_data,proven_maximum_cardinality,0.018009599996730685,9;13;69;79;92;93;132;138;164;165;175;192;199,13,13,0,0.65,0.0
465,mean_full_data,proven_maximum_cardinality,0.012265000026673079,6;50;61;112;131;193,6,5,1,0.25,0.16666666666666666
466,mean_full_data,proven_maximum_cardinality,0.011232800083234906,35;41;59;81;82;88;127;133;134;135;148;182,12,12,0,0.6,0.0
467,mean_full_data,proven_maximum_cardinality,0.016859899973496795,53;69;73;99;110;123;152;158;173;197,10,10,0,0.5,0.0
468,mean_full_data,proven_maximum_cardinality,0.015009799972176552,0;32;100;139;146;160;161;171,8,8,0,0.4,0.0
469,mean_full_data,proven_maximum_cardinality,0.009482600027695298,20;27;48;68;70;110;122;129;153;165;181,11,11,0,0.55,0.0
470,mean_full_data,proven_maximum_cardinality,0.020359700080007315,7;20;21;43;75;91;102;117;141;146;151;153;165;184;186,15,14,1,0.7,0.06666666666666667
471,mean_full_data,proven_maximum_cardinality,0.016596100060269237,2;12;15;40;45;88;92;129;135;136;140;146;174;181;199,15,15,0,0.75,0.0
472,mean_full_data,proven_maximum_cardinality,0.017817300045862794,12;15;24;39;48;59;67;85;130;173;182,11,11,0,0.55,0.0
473,mean_full_data,proven_maximum_cardinality,0.019555300008505583,21;24;32;33;44;47;53;116;125,9,9,0,0.45,0.0
474,mean_full_data,proven_maximum_cardinality,0.01769019989296794,6;25;78;88;91;131;148;152;167;187;195,11,11,0,0.55,0.0
475,mean_full_data,proven_maximum_cardinality,0.014579799957573414,27;44;61;65;84;94;108;116;121;158;182,11,11,0,0.55,0.0
476,mean_full_data,proven_maximum_cardinality,0.026143600000068545,10;15;37;46;73;94;129;131;135;140;154;156;181,13,13,0,0.65,0.0
477,mean_full_data,proven_maximum_cardinality,0.02076179999858141,11;19;25;37;38;75;77;86;105;157,10,10,0,0.5,0.0
478,mean_full_data,proven_maximum_cardinality,0.028711500111967325,22;44;55;75;91;95;130;139,8,7,1,0.35,0.125
479,mean_full_data,proven_maximum_cardinality,0.009761399822309613,2;39;41;46;71;74;92;95;109;136;147;149;152;170;172;175,16,16,0,0.8,0.0
480,mean_full_data,proven_maximum_cardinality,0.013956499984487891,20;23;42;58;78;88;103;137;153;172;175;183,12,12,0,0.6,0.0
481,mean_full_data,proven_maximum_cardinality,0.012889700010418892,10;21;73;101;102;119;124;132;140;158;174;181;192,13,13,0,0.65,0.0
482,mean_full_data,proven_maximum_cardinality,0.012745799962431192,5;33;60;72;100;104;108;123;168;177;180;190,12,12,0,0.6,0.0
483,mean_full_data,proven_maximum_cardinality,0.018326399847865105,20;45;89;98;124;171;196;198,8,8,0,0.4,0.0
484,mean_full_data,proven_maximum_cardinality,0.012419900158420205,0;44;48;80;90;103;130;132;136;157,10,10,0,0.5,0.0
485,mean_full_data,proven_maximum_cardinality,0.0179108998272568,7;57;73;74;96;101;107;118;150;153;159;172,12,12,0,0.6,0.0
486,mean_full_data,proven_maximum_cardinality,0.009613299975171685,9;15;78;124;154;162;170;189;190,9,9,0,0.45,0.0
487,mean_full_data,proven_maximum_cardinality,0.014234599890187383,6;20;23;28;30;31;116;152;163;168;183,11,11,0,0.55,0.0
488,mean_full_data,proven_maximum_cardinality,0.015325300162658095,23;32;38;74;79;111;146;153;160;178,10,10,0,0.5,0.0
489,mean_full_data,proven_maximum_cardinality,0.012320100096985698,5;13;33;47;59;60;95;104;126;140;165;195,12,12,0,0.6,0.0
490,mean_full_data,proven_maximum_cardinality,0.02391909994184971,52;54;63;97;126;167;174;192,8,8,0,0.4,0.0
491,mean_full_data,proven_maximum_cardinality,0.016967599978670478,33;47;51;70;121;136;137;139;155;168,10,10,0,0.5,0.0
492,mean_full_data,proven_maximum_cardinality,0.01622959994710982,14;33;71;72;84;95;103;116;121;134;144;180,12,12,0,0.6,0.0
493,mean_full_data,proven_maximum_cardinality,0.011822599917650223,1;26;34;42;54;86;102;108;115;128;131;135;146;151;158;166;173,17,17,0,0.85,0.0
494,mean_full_data,proven_maximum_cardinality,0.012194800190627575,9;16;19;45;66;71;76;98;104;115;145;159,12,12,0,0.6,0.0
495,mean_full_data,proven_maximum_cardinality,0.022771499818190932,27;55;58;70;81;101;142;153;174;183;194,11,11,0,0.55,0.0
496,mean_full_data,proven_maximum_cardinality,0.01058449991978705,0;9;11;16;49;82;96;98;109;149;153;174;186;197,14,14,0,0.7,0.0
497,mean_full_data,proven_maximum_cardinality,0.022559199947863817,29;43;70;93;148;149;156;176;179,9,9,0,0.45,0.0
498,mean_full_data,proven_maximum_cardinality,0.007102999836206436,24;28;65;84;105;116;124;131;146;159;161;170;185;190;191,15,15,0,0.75,0.0
499,mean_full_data,proven_maximum_cardinality,0.02349240006878972,26;28;39;45;52;54;60;74;82;91;108;133;146;150;157;179,16,16,0,0.8,0.0
500,mean_full_data,proven_maximum_cardinality,0.014827599981799722,42;49;162;169;174,5,5,0,0.25,0.0
