condition,nonnulls,method,method_label,TPR,TPR_MCSE,FDR,FDR_MCSE,FDR_MC95_low,FDR_MC95_high,replications,total_rejections,total_true_discoveries,total_false_discoveries,nonempty_replications,positive_fdp_replications
clean,20,full_mean,"Mean eBH, full data",0.537,0.004331831571606261,0.007099156807245042,0.0007998194277154556,0.005531539534787312,0.008666774079702773,1000,10823,10740,83,1000,79
clean,20,testing_mean,"Mean eBH, testing sample only",0.179,0.004193636439486211,0.003618253968253968,0.0012126559868647772,0.001241491908362128,0.0059950160281458074,1000,3597,3580,17,857,17
clean,20,testing_ebh,"eBH, testing sample only",0.15835,0.0038597506623064626,0.0025511904761904764,0.001199591249192906,0.00020003483160296745,0.004902346120777985,1000,3175,3167,8,838,8
clean,20,procedure1,Learned asymmetric closed eBH 1,0.47075,0.005462304849994577,0.004381486977075213,0.0006147468046211572,0.0031766053804066635,0.005586368573743762,1000,9466,9415,51,990,51
clean,20,procedure2,Learned asymmetric closed eBH 2,0.24775,0.005093955818996263,0.0035920745920745923,0.0011553076845782358,0.001327713139238889,0.0058564360449102956,1000,4978,4955,23,912,22
clean,30,full_mean,"Mean eBH, full data",0.6026666666666667,0.003402616643444346,0.005646773637551333,0.0005397134340270446,0.004588954744885891,0.006704592530216775,1000,18188,18080,108,1000,104
clean,30,testing_mean,"Mean eBH, testing sample only",0.25060000000000004,0.004041778813341469,0.003962899437164143,0.0006899602016030403,0.0026106022912561894,0.005315196583072097,1000,7557,7518,39,971,37
clean,30,testing_ebh,"eBH, testing sample only",0.20960000000000004,0.0037844632594546566,0.0029382718588600943,0.0007000342834006868,0.0015662298754514428,0.004310313842268746,1000,6311,6288,23,945,23
clean,30,procedure1,Learned asymmetric closed eBH 1,0.5173666666666666,0.004887291462565158,0.0040858274407947984,0.0004907091141735761,0.003124055250129036,0.005047599631460561,1000,15594,15521,73,996,69
clean,30,procedure2,Learned asymmetric closed eBH 2,0.3499666666666667,0.004645597966823889,0.004263352780690241,0.0006186074464155965,0.003050904465147381,0.005475801096233102,1000,10553,10499,54,986,52
signed_square,20,testing_mean,"Mean eBH, testing sample only",0.179,0.004193636439486211,0.003618253968253968,0.0012126559868647772,0.001241491908362128,0.0059950160281458074,1000,3597,3580,17,857,17
signed_square,20,testing_ebh,"eBH, testing sample only",0.15835,0.0038597506623064626,0.0025511904761904764,0.001199591249192906,0.00020003483160296745,0.004902346120777985,1000,3175,3167,8,838,8
signed_square,20,procedure1,Learned asymmetric closed eBH 1,0.27415,0.005997520133167353,0.0020337051837051837,0.0005653481756784685,0.0009256431206499621,0.0031417672467604052,1000,5500,5483,17,875,16
signed_square,20,procedure2,Learned asymmetric closed eBH 2,0.23039999999999997,0.005022555730508729,0.0033452380952380947,0.0011676023789568008,0.0010567794842194773,0.005633696706256712,1000,4627,4608,19,888,18
signed_square,20,naive_mean,"Naive mean eBH, pooled full data",0.76515,0.0032285292163616703,0.07095790202659398,0.0020273050947180603,0.06698445705527202,0.07493134699791594,1000,16542,15303,1239,1000,685
signed_square,30,testing_mean,"Mean eBH, testing sample only",0.25060000000000004,0.004041778813341469,0.003962899437164143,0.0006899602016030403,0.0026106022912561894,0.005315196583072097,1000,7557,7518,39,971,37
signed_square,30,testing_ebh,"eBH, testing sample only",0.20960000000000004,0.0037844632594546566,0.0029382718588600943,0.0007000342834006868,0.0015662298754514428,0.004310313842268746,1000,6311,6288,23,945,23
signed_square,30,procedure1,Learned asymmetric closed eBH 1,0.2747,0.005856220319245054,0.0015754203098243345,0.0004444795158636857,0.0007042564668657109,0.002446584152782958,1000,8260,8241,19,897,19
signed_square,30,procedure2,Learned asymmetric closed eBH 2,0.31510000000000005,0.0045821741185802095,0.0037618236124041075,0.0005921178203382666,0.002601294009936747,0.004922353214871469,1000,9497,9453,44,978,43
signed_square,30,naive_mean,"Naive mean eBH, pooled full data",0.7944666666666667,0.0025276678302767106,0.05803921176198739,0.0014976121728049138,0.055103945840480985,0.060974477683493795,1000,25361,23834,1527,1000,768
persistent_noise,20,testing_mean,"Mean eBH, testing sample only",0.179,0.004193636439486211,0.003618253968253968,0.0012126559868647772,0.001241491908362128,0.0059950160281458074,1000,3597,3580,17,857,17
persistent_noise,20,testing_ebh,"eBH, testing sample only",0.15835,0.0038597506623064626,0.0025511904761904764,0.001199591249192906,0.00020003483160296745,0.004902346120777985,1000,3175,3167,8,838,8
persistent_noise,20,procedure1,Learned asymmetric closed eBH 1,0.1768,0.004357837852737382,0.004478571428571429,0.0010058637994636783,0.0025071146082700003,0.006450028248872858,1000,3560,3536,24,834,24
persistent_noise,20,procedure2,Learned asymmetric closed eBH 2,0.20160000000000003,0.004437017819113095,0.003213924963924964,0.001161669128228124,0.0009370953106457992,0.0054907546172041286,1000,4048,4032,16,883,16
persistent_noise,20,naive_mean,"Naive mean eBH, pooled full data",0.5388000000000001,0.004165562616491549,0.07079525221940082,0.002342768861043901,0.06620350962765285,0.07538699481114879,1000,11673,10776,897,1000,575
persistent_noise,30,testing_mean,"Mean eBH, testing sample only",0.25060000000000004,0.004041778813341469,0.003962899437164143,0.0006899602016030403,0.0026106022912561894,0.005315196583072097,1000,7557,7518,39,971,37
persistent_noise,30,testing_ebh,"eBH, testing sample only",0.20960000000000004,0.0037844632594546566,0.0029382718588600943,0.0007000342834006868,0.0015662298754514428,0.004310313842268746,1000,6311,6288,23,945,23
persistent_noise,30,procedure1,Learned asymmetric closed eBH 1,0.20376666666666668,0.004112508352230958,0.003967426506242296,0.0007451004164152626,0.0025070565252025842,0.005427796487282008,1000,6144,6113,31,921,31
persistent_noise,30,procedure2,Learned asymmetric closed eBH 2,0.2856666666666667,0.004253545368719995,0.003761092867400917,0.0006209045484316795,0.002544142314637719,0.004978043420164115,1000,8612,8570,42,973,40
persistent_noise,30,naive_mean,"Naive mean eBH, pooled full data",0.5852999999999999,0.003329079534695154,0.0580946482951643,0.0017137925024545574,0.054735676713378596,0.06145361987695001,1000,18710,17559,1151,1000,656
