replication,method,scenario,parameter,severity,status,selected_indices,rejections,true_discoveries,false_discoveries,tpr,fdp
1,mean_naive_persistent_noise_full_data,persistent_noise,variance,0.1,proven_maximum_cardinality,8;17;18;43;53;66;73;91;99;100;105;107;122,13,11,2,0.55,0.15384615384615385
2,mean_naive_persistent_noise_full_data,persistent_noise,variance,0.1,proven_maximum_cardinality,14;29;86;95;116;124;127;135;169;188,10,10,0,0.5,0.0
3,mean_naive_persistent_noise_full_data,persistent_noise,variance,0.1,proven_maximum_cardinality,23;28;69;75;112;120;193,7,7,0,0.35,0.0
4,mean_naive_persistent_noise_full_data,persistent_noise,variance,0.1,proven_maximum_cardinality,1;16;19;23;41;78;83;105;128;153;154;155;164;168;193,15,13,2,0.65,0.13333333333333333
5,mean_naive_persistent_noise_full_data,persistent_noise,variance,0.1,proven_maximum_cardinality,10;25;27;50;53;54;55;58;62;67;121;169;174;179,14,11,3,0.55,0.21428571428571427
6,mean_naive_persistent_noise_full_data,persistent_noise,variance,0.1,proven_maximum_cardinality,3;4;38;74;77;92;148;164;173;192;193,11,10,1,0.5,0.09090909090909091
7,mean_naive_persistent_noise_full_data,persistent_noise,variance,0.1,proven_maximum_cardinality,67;82;113;157;173;174;199,7,7,0,0.35,0.0
8,mean_naive_persistent_noise_full_data,persistent_noise,variance,0.1,proven_maximum_cardinality,27;29;36;44;46;54;61;75;92;136;153;154;170,13,12,1,0.6,0.07692307692307693
9,mean_naive_persistent_noise_full_data,persistent_noise,variance,0.1,proven_maximum_cardinality,57;63;67;112;140;148;156;182,8,8,0,0.4,0.0
10,mean_naive_persistent_noise_full_data,persistent_noise,variance,0.1,proven_maximum_cardinality,4;19;28;64;72;109;120;123;136;148;149;151;196,13,12,1,0.6,0.07692307692307693
11,mean_naive_persistent_noise_full_data,persistent_noise,variance,0.1,proven_maximum_cardinality,12;20;39;60;61;112;127;129;144;166;183;193,12,11,1,0.55,0.08333333333333333
12,mean_naive_persistent_noise_full_data,persistent_noise,variance,0.1,proven_maximum_cardinality,4;11;36;41;63;66;83;99;112;183;199,11,11,0,0.55,0.0
13,mean_naive_persistent_noise_full_data,persistent_noise,variance,0.1,proven_maximum_cardinality,4;26;34;53;74;79;125;126;159;187,10,10,0,0.5,0.0
14,mean_naive_persistent_noise_full_data,persistent_noise,variance,0.1,proven_maximum_cardinality,17;61;65;82;91;92;100;116;152;191;196,11,10,1,0.5,0.09090909090909091
15,mean_naive_persistent_noise_full_data,persistent_noise,variance,0.1,proven_maximum_cardinality,32;33;55;65;66;83;87;151,8,8,0,0.4,0.0
16,mean_naive_persistent_noise_full_data,persistent_noise,variance,0.1,proven_maximum_cardinality,14;17;69;75;90;128;146;150;151;176,10,10,0,0.5,0.0
17,mean_naive_persistent_noise_full_data,persistent_noise,variance,0.1,proven_maximum_cardinality,26;42;55;57;79;96;106;121;124;143;158,11,10,1,0.5,0.09090909090909091
18,mean_naive_persistent_noise_full_data,persistent_noise,variance,0.1,proven_maximum_cardinality,0;42;60;72;79;107;120;148;159;177;180;186;199,13,12,1,0.6,0.07692307692307693
19,mean_naive_persistent_noise_full_data,persistent_noise,variance,0.1,proven_maximum_cardinality,9;12;15;19;22;32;68;126;132;157;168,11,10,1,0.5,0.09090909090909091
20,mean_naive_persistent_noise_full_data,persistent_noise,variance,0.1,proven_maximum_cardinality,10;16;18;36;43;45;57;65;78;84;95;110;163;189,14,14,0,0.7,0.0
21,mean_naive_persistent_noise_full_data,persistent_noise,variance,0.1,proven_maximum_cardinality,8;12;15;20;32;54;61;73;78;109;113;136;195,13,13,0,0.65,0.0
22,mean_naive_persistent_noise_full_data,persistent_noise,variance,0.1,proven_maximum_cardinality,16;34;38;51;57;77;89;106;114;119;173;181;197,13,13,0,0.65,0.0
23,mean_naive_persistent_noise_full_data,persistent_noise,variance,0.1,proven_maximum_cardinality,16;27;62;174;188,5,5,0,0.25,0.0
24,mean_naive_persistent_noise_full_data,persistent_noise,variance,0.1,proven_maximum_cardinality,14;19;56;71;79;80;98;105;109;114;116;133;138;141;142;171,16,15,1,0.75,0.0625
25,mean_naive_persistent_noise_full_data,persistent_noise,variance,0.1,proven_maximum_cardinality,1;71;72;82;107;128;129;151;154;196,10,10,0,0.5,0.0
26,mean_naive_persistent_noise_full_data,persistent_noise,variance,0.1,proven_maximum_cardinality,10;16;38;85;95;101;108;112;166,9,8,1,0.4,0.1111111111111111
27,mean_naive_persistent_noise_full_data,persistent_noise,variance,0.1,proven_maximum_cardinality,4;21;63;64;69;74;86;97;108;120;152;153;185,13,12,1,0.6,0.07692307692307693
28,mean_naive_persistent_noise_full_data,persistent_noise,variance,0.1,proven_maximum_cardinality,0;10;20;47;69;84;110;115;138;183;189;192;197,13,12,1,0.6,0.07692307692307693
29,mean_naive_persistent_noise_full_data,persistent_noise,variance,0.1,proven_maximum_cardinality,12;17;51;75;96;159;194,7,7,0,0.35,0.0
30,mean_naive_persistent_noise_full_data,persistent_noise,variance,0.1,proven_maximum_cardinality,20;32;38;40;44;94;109;118;119;124;140;141;191;198,14,13,1,0.65,0.07142857142857142
31,mean_naive_persistent_noise_full_data,persistent_noise,variance,0.1,proven_maximum_cardinality,2;25;70;129;145;158;165;171;176;199,10,9,1,0.45,0.1
32,mean_naive_persistent_noise_full_data,persistent_noise,variance,0.1,proven_maximum_cardinality,1;2;59;65;91;93;99;132;152;176,10,10,0,0.5,0.0
33,mean_naive_persistent_noise_full_data,persistent_noise,variance,0.1,proven_maximum_cardinality,10;28;52;58;68;76;82;100;126;178;186;195,12,10,2,0.5,0.16666666666666666
34,mean_naive_persistent_noise_full_data,persistent_noise,variance,0.1,proven_maximum_cardinality,14;35;72;81;82;96;111;130;136;142;143;156;189,13,12,1,0.6,0.07692307692307693
35,mean_naive_persistent_noise_full_data,persistent_noise,variance,0.1,proven_maximum_cardinality,1;4;32;39;44;68;111;119;162;165;168;173;174,13,12,1,0.6,0.07692307692307693
36,mean_naive_persistent_noise_full_data,persistent_noise,variance,0.1,proven_maximum_cardinality,10;14;15;42;140;159;168;194;195,9,9,0,0.45,0.0
37,mean_naive_persistent_noise_full_data,persistent_noise,variance,0.1,proven_maximum_cardinality,3;12;20;57;81;125;144;149,8,7,1,0.35,0.125
38,mean_naive_persistent_noise_full_data,persistent_noise,variance,0.1,proven_maximum_cardinality,19;53;60;81;82;99;152;174;176;183,10,10,0,0.5,0.0
39,mean_naive_persistent_noise_full_data,persistent_noise,variance,0.1,proven_maximum_cardinality,13;56;58;125;133;181;190;192;194;198,10,10,0,0.5,0.0
40,mean_naive_persistent_noise_full_data,persistent_noise,variance,0.1,proven_maximum_cardinality,21;46;64;93;130,5,3,2,0.15,0.4
41,mean_naive_persistent_noise_full_data,persistent_noise,variance,0.1,proven_maximum_cardinality,17;26;40;52;59;60;62;74;95;110;132;135;189,13,12,1,0.6,0.07692307692307693
42,mean_naive_persistent_noise_full_data,persistent_noise,variance,0.1,proven_maximum_cardinality,5;9;11;24;29;65;68;71;109;119;136;140;143;163;165;175;184;193,18,15,3,0.75,0.16666666666666666
43,mean_naive_persistent_noise_full_data,persistent_noise,variance,0.1,proven_maximum_cardinality,32;47;49;62;75;83;84;113;156;165;167,11,9,2,0.45,0.18181818181818182
44,mean_naive_persistent_noise_full_data,persistent_noise,variance,0.1,proven_maximum_cardinality,11;23;30;32;48;87;94;95;109;111;122;148;154;169,14,13,1,0.65,0.07142857142857142
45,mean_naive_persistent_noise_full_data,persistent_noise,variance,0.1,proven_maximum_cardinality,1;17;40;54;56;96;101;178,8,8,0,0.4,0.0
46,mean_naive_persistent_noise_full_data,persistent_noise,variance,0.1,proven_maximum_cardinality,10;36;42;45;114;127;162;175;176,9,8,1,0.4,0.1111111111111111
47,mean_naive_persistent_noise_full_data,persistent_noise,variance,0.1,proven_maximum_cardinality,78;79;111;115;128;134;158;168;182;190,10,8,2,0.4,0.2
48,mean_naive_persistent_noise_full_data,persistent_noise,variance,0.1,proven_maximum_cardinality,6;14;15;43;48;68;89;115;147;183;191,11,11,0,0.55,0.0
49,mean_naive_persistent_noise_full_data,persistent_noise,variance,0.1,proven_maximum_cardinality,21;23;34;89;91;111;119;130;131;143;150;156,12,11,1,0.55,0.08333333333333333
50,mean_naive_persistent_noise_full_data,persistent_noise,variance,0.1,proven_maximum_cardinality,9;47;61;62;85;127;134;151;178,9,9,0,0.45,0.0
51,mean_naive_persistent_noise_full_data,persistent_noise,variance,0.1,proven_maximum_cardinality,28;33;40;43;46;47;49;77;88;111;125;149;168;186,14,13,1,0.65,0.07142857142857142
52,mean_naive_persistent_noise_full_data,persistent_noise,variance,0.1,proven_maximum_cardinality,7;8;19;43;45;57;59;71;110;116;125;189,12,10,2,0.5,0.16666666666666666
53,mean_naive_persistent_noise_full_data,persistent_noise,variance,0.1,proven_maximum_cardinality,0;4;17;29;30;37;45;51;85;93;132;150;175,13,11,2,0.55,0.15384615384615385
54,mean_naive_persistent_noise_full_data,persistent_noise,variance,0.1,proven_maximum_cardinality,32;38;48;70;74;79;90;99;136;143;144;162;195,13,13,0,0.65,0.0
55,mean_naive_persistent_noise_full_data,persistent_noise,variance,0.1,proven_maximum_cardinality,40;65;99;106;108;109;126;135;159;194,10,10,0,0.5,0.0
56,mean_naive_persistent_noise_full_data,persistent_noise,variance,0.1,proven_maximum_cardinality,13;27;33;68;87;93;111;115;136;144;151;158;171;186,14,13,1,0.65,0.07142857142857142
57,mean_naive_persistent_noise_full_data,persistent_noise,variance,0.1,proven_maximum_cardinality,21;29;73;142;150;167;183;185;188;195,10,8,2,0.4,0.2
58,mean_naive_persistent_noise_full_data,persistent_noise,variance,0.1,proven_maximum_cardinality,3;13;50;70;84;85;94;98;104;109;126;131;169;175,14,10,4,0.5,0.2857142857142857
59,mean_naive_persistent_noise_full_data,persistent_noise,variance,0.1,proven_maximum_cardinality,12;39;53;67;88;91;106;122;123;145;157;165;172;174;197,15,15,0,0.75,0.0
60,mean_naive_persistent_noise_full_data,persistent_noise,variance,0.1,proven_maximum_cardinality,9;102;110;115;127;131;149;184;195;198;199,11,10,1,0.5,0.09090909090909091
61,mean_naive_persistent_noise_full_data,persistent_noise,variance,0.1,proven_maximum_cardinality,7;31;38;83;107;117;134;137;139;167;186;196;197,13,13,0,0.65,0.0
62,mean_naive_persistent_noise_full_data,persistent_noise,variance,0.1,proven_maximum_cardinality,42;48;61;73;74;87;108;132;133;138;172,11,11,0,0.55,0.0
63,mean_naive_persistent_noise_full_data,persistent_noise,variance,0.1,proven_maximum_cardinality,14;19;41;65;79;87;116;125;139;147;148;174;176;178;197,15,15,0,0.75,0.0
64,mean_naive_persistent_noise_full_data,persistent_noise,variance,0.1,proven_maximum_cardinality,7;10;24;42;47;62;92;98;105;108;122;130;134;159;167;187;192;193,18,17,1,0.85,0.05555555555555555
65,mean_naive_persistent_noise_full_data,persistent_noise,variance,0.1,proven_maximum_cardinality,11;16;32;35;89;96;154;163;195,9,9,0,0.45,0.0
66,mean_naive_persistent_noise_full_data,persistent_noise,variance,0.1,proven_maximum_cardinality,11;33;36;69;108;124;128;132;141;177;184,11,11,0,0.55,0.0
67,mean_naive_persistent_noise_full_data,persistent_noise,variance,0.1,proven_maximum_cardinality,30;43;51;76;96;111;182,7,6,1,0.3,0.14285714285714285
68,mean_naive_persistent_noise_full_data,persistent_noise,variance,0.1,proven_maximum_cardinality,12;34;39;44;52;69;78;92;98;144;149;150;175,13,12,1,0.6,0.07692307692307693
69,mean_naive_persistent_noise_full_data,persistent_noise,variance,0.1,proven_maximum_cardinality,9;20;31;46;53;65;66;99;115;139;148;154;174,13,12,1,0.6,0.07692307692307693
70,mean_naive_persistent_noise_full_data,persistent_noise,variance,0.1,proven_maximum_cardinality,0;15;27;44;45;73;76;119;142;143;150;154;158;167,14,14,0,0.7,0.0
71,mean_naive_persistent_noise_full_data,persistent_noise,variance,0.1,proven_maximum_cardinality,16;18;36;45;70;138;139;161;176,9,9,0,0.45,0.0
72,mean_naive_persistent_noise_full_data,persistent_noise,variance,0.1,proven_maximum_cardinality,3;69;91;120;160;196;199,7,7,0,0.35,0.0
73,mean_naive_persistent_noise_full_data,persistent_noise,variance,0.1,proven_maximum_cardinality,12;13;68;91;92;142;155;174,8,8,0,0.4,0.0
74,mean_naive_persistent_noise_full_data,persistent_noise,variance,0.1,proven_maximum_cardinality,36;43;70;87;94;119;124;136;138;155;199,11,10,1,0.5,0.09090909090909091
75,mean_naive_persistent_noise_full_data,persistent_noise,variance,0.1,proven_maximum_cardinality,1;16;30;32;47;109;128;140;145;151;160;189,12,11,1,0.55,0.08333333333333333
76,mean_naive_persistent_noise_full_data,persistent_noise,variance,0.1,proven_maximum_cardinality,4;31;33;73;87;104;108;109;115;130;131;146;169,13,13,0,0.65,0.0
77,mean_naive_persistent_noise_full_data,persistent_noise,variance,0.1,proven_maximum_cardinality,26;32;61;64;91;108;132;136;163;183;188,11,11,0,0.55,0.0
78,mean_naive_persistent_noise_full_data,persistent_noise,variance,0.1,proven_maximum_cardinality,16;18;21;49;58;67;73;103;107;126;136;150;164;166;179;182;183;190,18,17,1,0.85,0.05555555555555555
79,mean_naive_persistent_noise_full_data,persistent_noise,variance,0.1,proven_maximum_cardinality,0;20;36;62;113;121;150;158;176,9,6,3,0.3,0.3333333333333333
80,mean_naive_persistent_noise_full_data,persistent_noise,variance,0.1,proven_maximum_cardinality,11;18;20;53;90;124;144;163;164;184;189,11,10,1,0.5,0.09090909090909091
81,mean_naive_persistent_noise_full_data,persistent_noise,variance,0.1,proven_maximum_cardinality,17;34;36;37;77;79;131;137;138;149;163;179;197,13,13,0,0.65,0.0
82,mean_naive_persistent_noise_full_data,persistent_noise,variance,0.1,proven_maximum_cardinality,12;26;40;42;53;73;104;106;119;121;149,11,11,0,0.55,0.0
83,mean_naive_persistent_noise_full_data,persistent_noise,variance,0.1,proven_maximum_cardinality,3;9;29;79;90;91;93;101;104;105;112;124;134;135;144;158;164;173;178,19,15,4,0.75,0.21052631578947367
84,mean_naive_persistent_noise_full_data,persistent_noise,variance,0.1,proven_maximum_cardinality,0;3;17;42;48;107;111;127;130;181;199,11,10,1,0.5,0.09090909090909091
85,mean_naive_persistent_noise_full_data,persistent_noise,variance,0.1,proven_maximum_cardinality,25;43;59;91;107;111;124;132;147;175;176;189;193,13,13,0,0.65,0.0
86,mean_naive_persistent_noise_full_data,persistent_noise,variance,0.1,proven_maximum_cardinality,2;14;21;36;50;55;75;84;101;139;163;182,12,12,0,0.6,0.0
87,mean_naive_persistent_noise_full_data,persistent_noise,variance,0.1,proven_maximum_cardinality,2;27;30;64;85;140;144;167;194,9,8,1,0.4,0.1111111111111111
88,mean_naive_persistent_noise_full_data,persistent_noise,variance,0.1,proven_maximum_cardinality,9;12;41;44;52;64;71;76;78;93;104;114;130;133;141;189,16,15,1,0.75,0.0625
89,mean_naive_persistent_noise_full_data,persistent_noise,variance,0.1,proven_maximum_cardinality,7;74;81;82;95;125;197,7,6,1,0.3,0.14285714285714285
90,mean_naive_persistent_noise_full_data,persistent_noise,variance,0.1,proven_maximum_cardinality,3;14;32;38;40;46;58;65;90;96;108;117;176;182;184;199,16,14,2,0.7,0.125
91,mean_naive_persistent_noise_full_data,persistent_noise,variance,0.1,proven_maximum_cardinality,24;31;52;62;66;103;113;126;135;162;171;190,12,10,2,0.5,0.16666666666666666
92,mean_naive_persistent_noise_full_data,persistent_noise,variance,0.1,proven_maximum_cardinality,10;13;37;39;45;52;67;119;149;163;170;185,12,11,1,0.55,0.08333333333333333
93,mean_naive_persistent_noise_full_data,persistent_noise,variance,0.1,proven_maximum_cardinality,54;69;107;129;130;155;185;196,8,8,0,0.4,0.0
94,mean_naive_persistent_noise_full_data,persistent_noise,variance,0.1,proven_maximum_cardinality,17;32;38;46;88;106;113;130;166;185,10,9,1,0.45,0.1
95,mean_naive_persistent_noise_full_data,persistent_noise,variance,0.1,proven_maximum_cardinality,26;37;41;72;97;111;126;156;163;199,10,10,0,0.5,0.0
96,mean_naive_persistent_noise_full_data,persistent_noise,variance,0.1,proven_maximum_cardinality,3;4;22;55;101;130;152;155;156;186,10,10,0,0.5,0.0
97,mean_naive_persistent_noise_full_data,persistent_noise,variance,0.1,proven_maximum_cardinality,34;41;73;95;103;142;164;166;167;174;181;185,12,10,2,0.5,0.16666666666666666
98,mean_naive_persistent_noise_full_data,persistent_noise,variance,0.1,proven_maximum_cardinality,4;19;21;34;134;140;143;163;179;184;189;192;193,13,13,0,0.65,0.0
99,mean_naive_persistent_noise_full_data,persistent_noise,variance,0.1,proven_maximum_cardinality,0;8;37;90;149;158;195,7,7,0,0.35,0.0
100,mean_naive_persistent_noise_full_data,persistent_noise,variance,0.1,proven_maximum_cardinality,0;25;50;59;64;66;73;81;82;114;121;151;168,13,12,1,0.6,0.07692307692307693
101,mean_naive_persistent_noise_full_data,persistent_noise,variance,0.1,proven_maximum_cardinality,2;4;22;45;54;66;89;99;119;132;145;159;193;194,14,13,1,0.65,0.07142857142857142
102,mean_naive_persistent_noise_full_data,persistent_noise,variance,0.1,proven_maximum_cardinality,11;16;26;49;57;67;109;126;136;151;157;158;181,13,12,1,0.6,0.07692307692307693
103,mean_naive_persistent_noise_full_data,persistent_noise,variance,0.1,proven_maximum_cardinality,9;25;26;28;32;46;51;97;108;110;160;172;185;191,14,12,2,0.6,0.14285714285714285
104,mean_naive_persistent_noise_full_data,persistent_noise,variance,0.1,proven_maximum_cardinality,9;11;21;22;50;56;63;95;104;111;126;146;160;162;190,15,14,1,0.7,0.06666666666666667
105,mean_naive_persistent_noise_full_data,persistent_noise,variance,0.1,proven_maximum_cardinality,43;51;95;97;102;125;126;156;161;163;174;182;187,13,13,0,0.65,0.0
106,mean_naive_persistent_noise_full_data,persistent_noise,variance,0.1,proven_maximum_cardinality,14;26;39;63;75;87;167;171;176;186;191;195,12,11,1,0.55,0.08333333333333333
107,mean_naive_persistent_noise_full_data,persistent_noise,variance,0.1,proven_maximum_cardinality,12;21;41;71;83;94;111;149;150;157;165;171,12,11,1,0.55,0.08333333333333333
108,mean_naive_persistent_noise_full_data,persistent_noise,variance,0.1,proven_maximum_cardinality,9;21;32;50;71;80;92;107;116;147;154;190;191;196,14,13,1,0.65,0.07142857142857142
109,mean_naive_persistent_noise_full_data,persistent_noise,variance,0.1,proven_maximum_cardinality,8;14;15;30;33;46;84;89;92;99;114;134;183;194,14,14,0,0.7,0.0
110,mean_naive_persistent_noise_full_data,persistent_noise,variance,0.1,proven_maximum_cardinality,2;23;44;58;74;82;108;122;125;139;158;178;190;195,14,12,2,0.6,0.14285714285714285
111,mean_naive_persistent_noise_full_data,persistent_noise,variance,0.1,proven_maximum_cardinality,8;16;49;65;81;89;137;149;153;175;177;187;189,13,11,2,0.55,0.15384615384615385
112,mean_naive_persistent_noise_full_data,persistent_noise,variance,0.1,proven_maximum_cardinality,10;65;106;139;145;152;162;165,8,7,1,0.35,0.125
113,mean_naive_persistent_noise_full_data,persistent_noise,variance,0.1,proven_maximum_cardinality,4;7;10;21;31;33;37;42;73;106;109;116;120;125;131;154;170,17,15,2,0.75,0.11764705882352941
114,mean_naive_persistent_noise_full_data,persistent_noise,variance,0.1,proven_maximum_cardinality,18;35;54;57;58;79;85;92;103;142;165;168;177;188,14,11,3,0.55,0.21428571428571427
115,mean_naive_persistent_noise_full_data,persistent_noise,variance,0.1,proven_maximum_cardinality,20;21;35;49;110;111;115;122;158;160;178,11,11,0,0.55,0.0
116,mean_naive_persistent_noise_full_data,persistent_noise,variance,0.1,proven_maximum_cardinality,5;17;109;112;117;152;155;184;199,9,9,0,0.45,0.0
117,mean_naive_persistent_noise_full_data,persistent_noise,variance,0.1,proven_maximum_cardinality,10;56;100;102;110;134;139;167;189,9,9,0,0.45,0.0
118,mean_naive_persistent_noise_full_data,persistent_noise,variance,0.1,proven_maximum_cardinality,1;50;105;126;180;198,6,6,0,0.3,0.0
119,mean_naive_persistent_noise_full_data,persistent_noise,variance,0.1,proven_maximum_cardinality,17;34;55;80;82;158,6,6,0,0.3,0.0
120,mean_naive_persistent_noise_full_data,persistent_noise,variance,0.1,proven_maximum_cardinality,25;62;80;84;117;159;167;171;181;182;194,11,10,1,0.5,0.09090909090909091
121,mean_naive_persistent_noise_full_data,persistent_noise,variance,0.1,proven_maximum_cardinality,12;14;29;33;42;94;124;162,8,8,0,0.4,0.0
122,mean_naive_persistent_noise_full_data,persistent_noise,variance,0.1,proven_maximum_cardinality,2;46;47;55;94;116;164;168;172;181;192,11,11,0,0.55,0.0
123,mean_naive_persistent_noise_full_data,persistent_noise,variance,0.1,proven_maximum_cardinality,5;21;24;71;102;111;127;128;153;180;198,11,10,1,0.5,0.09090909090909091
124,mean_naive_persistent_noise_full_data,persistent_noise,variance,0.1,proven_maximum_cardinality,3;4;20;21;32;41;92;123;160;192,10,9,1,0.45,0.1
125,mean_naive_persistent_noise_full_data,persistent_noise,variance,0.1,proven_maximum_cardinality,52;136;143;149;163;172;177;196,8,7,1,0.35,0.125
126,mean_naive_persistent_noise_full_data,persistent_noise,variance,0.1,proven_maximum_cardinality,8;21;37;46;71;81;94;105;117;147;155;171,12,12,0,0.6,0.0
127,mean_naive_persistent_noise_full_data,persistent_noise,variance,0.1,proven_maximum_cardinality,22;38;48;75;80;94;116;121;133;147;154;158;160;167;172;186;193,17,16,1,0.8,0.058823529411764705
128,mean_naive_persistent_noise_full_data,persistent_noise,variance,0.1,proven_maximum_cardinality,61;111;167;194,4,4,0,0.2,0.0
129,mean_naive_persistent_noise_full_data,persistent_noise,variance,0.1,proven_maximum_cardinality,18;45;64;67;69;84;101;115;131;143;155;195,12,11,1,0.55,0.08333333333333333
130,mean_naive_persistent_noise_full_data,persistent_noise,variance,0.1,proven_maximum_cardinality,5;14;52;54;59;61;64;75;103;142;172;176;180;184,14,13,1,0.65,0.07142857142857142
131,mean_naive_persistent_noise_full_data,persistent_noise,variance,0.1,proven_maximum_cardinality,30;56;64;109;110;118;155,7,7,0,0.35,0.0
132,mean_naive_persistent_noise_full_data,persistent_noise,variance,0.1,proven_maximum_cardinality,41;53;119;142;145;146;159;189;199,9,8,1,0.4,0.1111111111111111
133,mean_naive_persistent_noise_full_data,persistent_noise,variance,0.1,proven_maximum_cardinality,17;56;82;83;93;110;112;113;132;134;137;138;171;174,14,14,0,0.7,0.0
134,mean_naive_persistent_noise_full_data,persistent_noise,variance,0.1,proven_maximum_cardinality,22;24;35;38;87;89;101;131;158;181,10,9,1,0.45,0.1
135,mean_naive_persistent_noise_full_data,persistent_noise,variance,0.1,proven_maximum_cardinality,5;12;22;49;53;55;66;80;86;88;90;94;108;120;172,15,12,3,0.6,0.2
136,mean_naive_persistent_noise_full_data,persistent_noise,variance,0.1,proven_maximum_cardinality,21;66;100;115;148;186;190,7,7,0,0.35,0.0
137,mean_naive_persistent_noise_full_data,persistent_noise,variance,0.1,proven_maximum_cardinality,22;25;29;30;43;49;98;104;108;109;141;168;173;175;191;199,16,14,2,0.7,0.125
138,mean_naive_persistent_noise_full_data,persistent_noise,variance,0.1,proven_maximum_cardinality,60;81;86;88;124;153;177,7,7,0,0.35,0.0
139,mean_naive_persistent_noise_full_data,persistent_noise,variance,0.1,proven_maximum_cardinality,16;39;48;56;71;168;177;193,8,8,0,0.4,0.0
140,mean_naive_persistent_noise_full_data,persistent_noise,variance,0.1,proven_maximum_cardinality,46;49;65;103;122;164;181;186;189,9,9,0,0.45,0.0
141,mean_naive_persistent_noise_full_data,persistent_noise,variance,0.1,proven_maximum_cardinality,19;47;49;61;63;79;133;138;145;190,10,9,1,0.45,0.1
142,mean_naive_persistent_noise_full_data,persistent_noise,variance,0.1,proven_maximum_cardinality,9;18;32;62;65;93;110;114;168;181;187,11,10,1,0.5,0.09090909090909091
143,mean_naive_persistent_noise_full_data,persistent_noise,variance,0.1,proven_maximum_cardinality,27;97;105;141;143;146;164;170;196,9,9,0,0.45,0.0
144,mean_naive_persistent_noise_full_data,persistent_noise,variance,0.1,proven_maximum_cardinality,43;80;93;151;180,5,5,0,0.25,0.0
145,mean_naive_persistent_noise_full_data,persistent_noise,variance,0.1,proven_maximum_cardinality,4;10;17;24;26;27;36;38;124;174;188,11,10,1,0.5,0.09090909090909091
146,mean_naive_persistent_noise_full_data,persistent_noise,variance,0.1,proven_maximum_cardinality,23;41;43;46;70;86;111;121;123;125;130;162;163;197,14,12,2,0.6,0.14285714285714285
147,mean_naive_persistent_noise_full_data,persistent_noise,variance,0.1,proven_maximum_cardinality,4;38;41;107;122;123;146;161;180;188,10,9,1,0.45,0.1
148,mean_naive_persistent_noise_full_data,persistent_noise,variance,0.1,proven_maximum_cardinality,3;56;99;151;166;169;175;198,8,8,0,0.4,0.0
149,mean_naive_persistent_noise_full_data,persistent_noise,variance,0.1,proven_maximum_cardinality,12;42;60;85;90;104;121;162;170;185,10,10,0,0.5,0.0
150,mean_naive_persistent_noise_full_data,persistent_noise,variance,0.1,proven_maximum_cardinality,7;12;20;35;58;95;137;167;170;176;196,11,10,1,0.5,0.09090909090909091
151,mean_naive_persistent_noise_full_data,persistent_noise,variance,0.1,proven_maximum_cardinality,88;96;119;123;133;144;162;173;174,9,9,0,0.45,0.0
152,mean_naive_persistent_noise_full_data,persistent_noise,variance,0.1,proven_maximum_cardinality,22;28;96;112;126;148;156;158,8,8,0,0.4,0.0
153,mean_naive_persistent_noise_full_data,persistent_noise,variance,0.1,proven_maximum_cardinality,4;11;50;104;110;119;134;163;187;198;199,11,10,1,0.5,0.09090909090909091
154,mean_naive_persistent_noise_full_data,persistent_noise,variance,0.1,proven_maximum_cardinality,0;12;21;32;43;44;64;70;78;94;137;153;172;178,14,14,0,0.7,0.0
155,mean_naive_persistent_noise_full_data,persistent_noise,variance,0.1,proven_maximum_cardinality,90;111;121;126;138;165;166;170;171;172;185,11,10,1,0.5,0.09090909090909091
156,mean_naive_persistent_noise_full_data,persistent_noise,variance,0.1,proven_maximum_cardinality,28;31;70;72;87;101;145;148;167;173;178;185,12,11,1,0.55,0.08333333333333333
157,mean_naive_persistent_noise_full_data,persistent_noise,variance,0.1,proven_maximum_cardinality,1;5;16;17;37;38;54;69;121;145;159;172,12,11,1,0.55,0.08333333333333333
158,mean_naive_persistent_noise_full_data,persistent_noise,variance,0.1,proven_maximum_cardinality,25;28;43;45;81;89;188;193,8,7,1,0.35,0.125
159,mean_naive_persistent_noise_full_data,persistent_noise,variance,0.1,proven_maximum_cardinality,0;18;50;106;113;134;142;144;173;189,10,10,0,0.5,0.0
160,mean_naive_persistent_noise_full_data,persistent_noise,variance,0.1,proven_maximum_cardinality,11;160;177;192,4,4,0,0.2,0.0
161,mean_naive_persistent_noise_full_data,persistent_noise,variance,0.1,proven_maximum_cardinality,5;6;23;39;45;53;56;74;130;157;158;173;174,13,12,1,0.6,0.07692307692307693
162,mean_naive_persistent_noise_full_data,persistent_noise,variance,0.1,proven_maximum_cardinality,35;58;72;81;87;96;143;166;173;188;197,11,9,2,0.45,0.18181818181818182
163,mean_naive_persistent_noise_full_data,persistent_noise,variance,0.1,proven_maximum_cardinality,1;7;8;39;43;52;69;84;106;163;186,11,11,0,0.55,0.0
164,mean_naive_persistent_noise_full_data,persistent_noise,variance,0.1,proven_maximum_cardinality,0;20;21;22;97;120;148;181,8,8,0,0.4,0.0
165,mean_naive_persistent_noise_full_data,persistent_noise,variance,0.1,proven_maximum_cardinality,5;33;40;64;66;77;85;87;103;106;116;145;153;187;192,15,14,1,0.7,0.06666666666666667
166,mean_naive_persistent_noise_full_data,persistent_noise,variance,0.1,proven_maximum_cardinality,31;42;55;89;95;103;113;149;169;180;184;191;196,13,11,2,0.55,0.15384615384615385
167,mean_naive_persistent_noise_full_data,persistent_noise,variance,0.1,proven_maximum_cardinality,2;42;45;48;70;73;112;125;176;189;194,11,10,1,0.5,0.09090909090909091
168,mean_naive_persistent_noise_full_data,persistent_noise,variance,0.1,proven_maximum_cardinality,60;121;140;149;159;167;172;174,8,8,0,0.4,0.0
169,mean_naive_persistent_noise_full_data,persistent_noise,variance,0.1,proven_maximum_cardinality,16;27;37;43;46;48;50;62;64;88;110;122;123;163;195,15,14,1,0.7,0.06666666666666667
170,mean_naive_persistent_noise_full_data,persistent_noise,variance,0.1,proven_maximum_cardinality,41;57;64;67;72;78;95;96;103;109;136;141;151;157;158;162;186;189,18,14,4,0.7,0.2222222222222222
171,mean_naive_persistent_noise_full_data,persistent_noise,variance,0.1,proven_maximum_cardinality,21;34;92;103;146;152;154;156;161,9,9,0,0.45,0.0
172,mean_naive_persistent_noise_full_data,persistent_noise,variance,0.1,proven_maximum_cardinality,20;44;46;72;112;114;164,7,6,1,0.3,0.14285714285714285
173,mean_naive_persistent_noise_full_data,persistent_noise,variance,0.1,proven_maximum_cardinality,22;25;50;67;70;104;112;128;137;175,10,9,1,0.45,0.1
174,mean_naive_persistent_noise_full_data,persistent_noise,variance,0.1,proven_maximum_cardinality,70;115;123;126;127;148;161,7,6,1,0.3,0.14285714285714285
175,mean_naive_persistent_noise_full_data,persistent_noise,variance,0.1,proven_maximum_cardinality,11;43;72;81;104;156;194,7,7,0,0.35,0.0
176,mean_naive_persistent_noise_full_data,persistent_noise,variance,0.1,proven_maximum_cardinality,10;17;24;30;41;70;71;78;90;110;123;131;142;172;191;194,16,15,1,0.75,0.0625
177,mean_naive_persistent_noise_full_data,persistent_noise,variance,0.1,proven_maximum_cardinality,2;15;22;30;63;65;112;114;129;168;184;192,12,10,2,0.5,0.16666666666666666
178,mean_naive_persistent_noise_full_data,persistent_noise,variance,0.1,proven_maximum_cardinality,22;48;58;103;147;198,6,6,0,0.3,0.0
179,mean_naive_persistent_noise_full_data,persistent_noise,variance,0.1,proven_maximum_cardinality,19;30;37;40;49;53;54;59;61;71;81;87;94;147;185,15,12,3,0.6,0.2
180,mean_naive_persistent_noise_full_data,persistent_noise,variance,0.1,proven_maximum_cardinality,9;27;37;62;70;86;98;117;139,9,9,0,0.45,0.0
181,mean_naive_persistent_noise_full_data,persistent_noise,variance,0.1,proven_maximum_cardinality,16;56;71;74;100;111;124;130;137;193,10,9,1,0.45,0.1
182,mean_naive_persistent_noise_full_data,persistent_noise,variance,0.1,proven_maximum_cardinality,0;8;17;21;46;50;55;67;72;99;106;141;174;195,14,14,0,0.7,0.0
183,mean_naive_persistent_noise_full_data,persistent_noise,variance,0.1,proven_maximum_cardinality,31;65;98;109;122;142;156;162;163;167,10,10,0,0.5,0.0
184,mean_naive_persistent_noise_full_data,persistent_noise,variance,0.1,proven_maximum_cardinality,4;22;39;43;44;67;102;109;137;146;149;155;173,13,11,2,0.55,0.15384615384615385
185,mean_naive_persistent_noise_full_data,persistent_noise,variance,0.1,proven_maximum_cardinality,8;12;13;59;86;112;132;136;178;180;181,11,9,2,0.45,0.18181818181818182
186,mean_naive_persistent_noise_full_data,persistent_noise,variance,0.1,proven_maximum_cardinality,1;29;118;150;161,5,5,0,0.25,0.0
187,mean_naive_persistent_noise_full_data,persistent_noise,variance,0.1,proven_maximum_cardinality,0;5;28;34;37;52;60;78;110;122;192,11,10,1,0.5,0.09090909090909091
188,mean_naive_persistent_noise_full_data,persistent_noise,variance,0.1,proven_maximum_cardinality,2;14;28;34;46;77;92;108;109;115;129;140;150;156;170;173;195,17,15,2,0.75,0.11764705882352941
189,mean_naive_persistent_noise_full_data,persistent_noise,variance,0.1,proven_maximum_cardinality,17;44;90;99;118;138;158;164;168;171;182;190;194;195,14,13,1,0.65,0.07142857142857142
190,mean_naive_persistent_noise_full_data,persistent_noise,variance,0.1,proven_maximum_cardinality,36,1,1,0,0.05,0.0
191,mean_naive_persistent_noise_full_data,persistent_noise,variance,0.1,proven_maximum_cardinality,10;50;89;101;120;136;157;174;177;190;191;197,12,12,0,0.6,0.0
192,mean_naive_persistent_noise_full_data,persistent_noise,variance,0.1,proven_maximum_cardinality,0;20;21;61;75;108;110;135;139;148;173;182,12,11,1,0.55,0.08333333333333333
193,mean_naive_persistent_noise_full_data,persistent_noise,variance,0.1,proven_maximum_cardinality,30;75;79;83;86;90;143;160;163;173;177;182;184,13,13,0,0.65,0.0
194,mean_naive_persistent_noise_full_data,persistent_noise,variance,0.1,proven_maximum_cardinality,1;9;12;20;30;72;85;124;125;157;166,11,9,2,0.45,0.18181818181818182
195,mean_naive_persistent_noise_full_data,persistent_noise,variance,0.1,proven_maximum_cardinality,1;11;25;34;61;78;173;174;176,9,8,1,0.4,0.1111111111111111
196,mean_naive_persistent_noise_full_data,persistent_noise,variance,0.1,proven_maximum_cardinality,10;51;66;69;79;80;83;87;133;143;144;154;172;186,14,12,2,0.6,0.14285714285714285
197,mean_naive_persistent_noise_full_data,persistent_noise,variance,0.1,proven_maximum_cardinality,8;16;46;54;69;75;102;108;117;121;137;146;180,13,11,2,0.55,0.15384615384615385
198,mean_naive_persistent_noise_full_data,persistent_noise,variance,0.1,proven_maximum_cardinality,18;46;52;57;79;83;92;93;110;113;115;117;122;127;157;168;173;196,18,14,4,0.7,0.2222222222222222
199,mean_naive_persistent_noise_full_data,persistent_noise,variance,0.1,proven_maximum_cardinality,59;103;104;106;152;173;190;191,8,7,1,0.35,0.125
200,mean_naive_persistent_noise_full_data,persistent_noise,variance,0.1,proven_maximum_cardinality,1;3;4;11;73;80;93;97;122;134;165;177;198,13,12,1,0.6,0.07692307692307693
201,mean_naive_persistent_noise_full_data,persistent_noise,variance,0.1,proven_maximum_cardinality,4;41;43;49;50;68;86;135;136;148;151;180;184;193;195,15,14,1,0.7,0.06666666666666667
202,mean_naive_persistent_noise_full_data,persistent_noise,variance,0.1,proven_maximum_cardinality,9;19;27;53;73;92;97;114;155;156;165;171;173;184,14,13,1,0.65,0.07142857142857142
203,mean_naive_persistent_noise_full_data,persistent_noise,variance,0.1,proven_maximum_cardinality,1;2;65;100;106;150;162;185,8,8,0,0.4,0.0
204,mean_naive_persistent_noise_full_data,persistent_noise,variance,0.1,proven_maximum_cardinality,2;4;25;47;114;121;152;161;176;186,10,9,1,0.45,0.1
205,mean_naive_persistent_noise_full_data,persistent_noise,variance,0.1,proven_maximum_cardinality,2;18;32;52;61;83;114;122;144;155;169,11,11,0,0.55,0.0
206,mean_naive_persistent_noise_full_data,persistent_noise,variance,0.1,proven_maximum_cardinality,13;14;53;60;72;95;139;168;169;187,10,10,0,0.5,0.0
207,mean_naive_persistent_noise_full_data,persistent_noise,variance,0.1,proven_maximum_cardinality,9;10;16;121;192,5,5,0,0.25,0.0
208,mean_naive_persistent_noise_full_data,persistent_noise,variance,0.1,proven_maximum_cardinality,7;37;43;44;57;77;96;103;140;149;174;183;188,13,13,0,0.65,0.0
209,mean_naive_persistent_noise_full_data,persistent_noise,variance,0.1,proven_maximum_cardinality,22;40;87;101;111;112;123;195,8,8,0,0.4,0.0
210,mean_naive_persistent_noise_full_data,persistent_noise,variance,0.1,proven_maximum_cardinality,16;27;28;29;33;74;102;105;184;190,10,9,1,0.45,0.1
211,mean_naive_persistent_noise_full_data,persistent_noise,variance,0.1,proven_maximum_cardinality,28;49;57;60;65;66;76;77;81;122;167,11,11,0,0.55,0.0
212,mean_naive_persistent_noise_full_data,persistent_noise,variance,0.1,proven_maximum_cardinality,10;27;90;101;123;127;140;150;163;177;188,11,9,2,0.45,0.18181818181818182
213,mean_naive_persistent_noise_full_data,persistent_noise,variance,0.1,proven_maximum_cardinality,7;14;66;127;169;180;195,7,6,1,0.3,0.14285714285714285
214,mean_naive_persistent_noise_full_data,persistent_noise,variance,0.1,proven_maximum_cardinality,17;18;43;45;56;61;74;77;98;105;109;115;124;134;139;145;151;153;167;187;193,21,16,5,0.8,0.23809523809523808
215,mean_naive_persistent_noise_full_data,persistent_noise,variance,0.1,proven_maximum_cardinality,10;52;80;116;119;149;198,7,7,0,0.35,0.0
216,mean_naive_persistent_noise_full_data,persistent_noise,variance,0.1,proven_maximum_cardinality,6;33;47;52;53;72;74;84;87;91;92;107;113;128;140;142;143;154;163,19,16,3,0.8,0.15789473684210525
217,mean_naive_persistent_noise_full_data,persistent_noise,variance,0.1,proven_maximum_cardinality,9;34;44;45;83;121;169;180,8,8,0,0.4,0.0
218,mean_naive_persistent_noise_full_data,persistent_noise,variance,0.1,proven_maximum_cardinality,9;16;112;145;155,5,5,0,0.25,0.0
219,mean_naive_persistent_noise_full_data,persistent_noise,variance,0.1,proven_maximum_cardinality,1;19;21;25;29;38;83;100;116;118;131;170;178;197,14,11,3,0.55,0.21428571428571427
220,mean_naive_persistent_noise_full_data,persistent_noise,variance,0.1,proven_maximum_cardinality,3;34;50;82;96;128;135;151;174,9,8,1,0.4,0.1111111111111111
221,mean_naive_persistent_noise_full_data,persistent_noise,variance,0.1,proven_maximum_cardinality,5;22;34;72;93;103;136;140;190,9,9,0,0.45,0.0
222,mean_naive_persistent_noise_full_data,persistent_noise,variance,0.1,proven_maximum_cardinality,11;17;21;25;30;40;64;68;69;95;107;120;137;149;175;179,16,13,3,0.65,0.1875
223,mean_naive_persistent_noise_full_data,persistent_noise,variance,0.1,proven_maximum_cardinality,16;55;69;73;102;111;135;143;145;151;191;194;197,13,13,0,0.65,0.0
224,mean_naive_persistent_noise_full_data,persistent_noise,variance,0.1,proven_maximum_cardinality,6;7;9;47;55;75;83;85;88;112;118;184;199,13,10,3,0.5,0.23076923076923078
225,mean_naive_persistent_noise_full_data,persistent_noise,variance,0.1,proven_maximum_cardinality,41;74;98;139;175,5,4,1,0.2,0.2
226,mean_naive_persistent_noise_full_data,persistent_noise,variance,0.1,proven_maximum_cardinality,11;29;68;79;100;121;124;141;177,9,9,0,0.45,0.0
227,mean_naive_persistent_noise_full_data,persistent_noise,variance,0.1,proven_maximum_cardinality,9;36;44;46;54;95;99;100;113;118;153;191,12,11,1,0.55,0.08333333333333333
228,mean_naive_persistent_noise_full_data,persistent_noise,variance,0.1,proven_maximum_cardinality,18;61;63;68;145;191,6,6,0,0.3,0.0
229,mean_naive_persistent_noise_full_data,persistent_noise,variance,0.1,proven_maximum_cardinality,3;22;29;49;93;121;130;139;140;156;164;166;177;178;185,15,14,1,0.7,0.06666666666666667
230,mean_naive_persistent_noise_full_data,persistent_noise,variance,0.1,proven_maximum_cardinality,4;7;16;17;31;70;98;112;139;147;150;171;184,13,11,2,0.55,0.15384615384615385
231,mean_naive_persistent_noise_full_data,persistent_noise,variance,0.1,proven_maximum_cardinality,9;33;35;56;80;88;93;97;117;131;140;151;161;176;195;197,16,12,4,0.6,0.25
232,mean_naive_persistent_noise_full_data,persistent_noise,variance,0.1,proven_maximum_cardinality,20;30;39;61;95;106;115;121;133;147;148;167;173;174;199,15,14,1,0.7,0.06666666666666667
233,mean_naive_persistent_noise_full_data,persistent_noise,variance,0.1,proven_maximum_cardinality,14;30;34;50;81;88;105;108;111;121;130;143;163;170,14,13,1,0.65,0.07142857142857142
234,mean_naive_persistent_noise_full_data,persistent_noise,variance,0.1,proven_maximum_cardinality,20;35;43;48;49;54;59;63;96;103;121;130;155;157,14,12,2,0.6,0.14285714285714285
235,mean_naive_persistent_noise_full_data,persistent_noise,variance,0.1,proven_maximum_cardinality,15;60;70;89;98;100;109;155;173;185;191;198,12,12,0,0.6,0.0
236,mean_naive_persistent_noise_full_data,persistent_noise,variance,0.1,proven_maximum_cardinality,1;52;54;118;128;132;166;186;192,9,7,2,0.35,0.2222222222222222
237,mean_naive_persistent_noise_full_data,persistent_noise,variance,0.1,proven_maximum_cardinality,3;6;17;19;20;54;61;66;109;110;115;126;161;164;169;173;196,17,15,2,0.75,0.11764705882352941
238,mean_naive_persistent_noise_full_data,persistent_noise,variance,0.1,proven_maximum_cardinality,26;57;127;132;163,5,4,1,0.2,0.2
239,mean_naive_persistent_noise_full_data,persistent_noise,variance,0.1,proven_maximum_cardinality,3;9;64;102;106;107;130;149;156;158;160;170;179,13,13,0,0.65,0.0
240,mean_naive_persistent_noise_full_data,persistent_noise,variance,0.1,proven_maximum_cardinality,2;17;24;32;35;51;52;70;94;115;120;121;134;144;156;158;177;191;196,19,15,4,0.75,0.21052631578947367
241,mean_naive_persistent_noise_full_data,persistent_noise,variance,0.1,proven_maximum_cardinality,1;22;66;69;90;118;142;176;182;183,10,10,0,0.5,0.0
242,mean_naive_persistent_noise_full_data,persistent_noise,variance,0.1,proven_maximum_cardinality,17;36;157;160;165;177;193,7,6,1,0.3,0.14285714285714285
243,mean_naive_persistent_noise_full_data,persistent_noise,variance,0.1,proven_maximum_cardinality,14;16;37;45;110;130;138;161;177,9,9,0,0.45,0.0
244,mean_naive_persistent_noise_full_data,persistent_noise,variance,0.1,proven_maximum_cardinality,13;20;23;53;86;114;117;122;124;129;171;174,12,11,1,0.55,0.08333333333333333
245,mean_naive_persistent_noise_full_data,persistent_noise,variance,0.1,proven_maximum_cardinality,15;18;23;28;39;57;89;99;112;116;126;131;142;187,14,12,2,0.6,0.14285714285714285
246,mean_naive_persistent_noise_full_data,persistent_noise,variance,0.1,proven_maximum_cardinality,7;22;26;27;71;80;84;118;121;151;170;188,12,11,1,0.55,0.08333333333333333
247,mean_naive_persistent_noise_full_data,persistent_noise,variance,0.1,proven_maximum_cardinality,4;16;19;33;55;56;59;71;77;81;102;104;117;184;191;194,16,16,0,0.8,0.0
248,mean_naive_persistent_noise_full_data,persistent_noise,variance,0.1,proven_maximum_cardinality,21;26;27;48;65;66;101;102;117;140;141;143;162;191;193;197,16,15,1,0.75,0.0625
249,mean_naive_persistent_noise_full_data,persistent_noise,variance,0.1,proven_maximum_cardinality,36;49;73;98;110;113;138,7,7,0,0.35,0.0
250,mean_naive_persistent_noise_full_data,persistent_noise,variance,0.1,proven_maximum_cardinality,9;57;106;137;141;149;157;160;162;172;176;196,12,12,0,0.6,0.0
251,mean_naive_persistent_noise_full_data,persistent_noise,variance,0.1,proven_maximum_cardinality,48;60;131;133;134;140;163;184;192,9,9,0,0.45,0.0
252,mean_naive_persistent_noise_full_data,persistent_noise,variance,0.1,proven_maximum_cardinality,2;16;17;42;57;60;74;77;79;114;134;148,12,12,0,0.6,0.0
253,mean_naive_persistent_noise_full_data,persistent_noise,variance,0.1,proven_maximum_cardinality,45;57;71;85;122;137;139;155;162;187,10,10,0,0.5,0.0
254,mean_naive_persistent_noise_full_data,persistent_noise,variance,0.1,proven_maximum_cardinality,7;20;44;62;64;108;115;123;128;139;173,11,9,2,0.45,0.18181818181818182
255,mean_naive_persistent_noise_full_data,persistent_noise,variance,0.1,proven_maximum_cardinality,6;28;50;58;102;110;111;118;130;136;157;180;189;193,14,13,1,0.65,0.07142857142857142
256,mean_naive_persistent_noise_full_data,persistent_noise,variance,0.1,proven_maximum_cardinality,17;26;37;54;58;63;73;81;84;89;112;133;141;179,14,12,2,0.6,0.14285714285714285
257,mean_naive_persistent_noise_full_data,persistent_noise,variance,0.1,proven_maximum_cardinality,27;39;43;54;63;65;68;70;84;92;139;142;154;163,14,13,1,0.65,0.07142857142857142
258,mean_naive_persistent_noise_full_data,persistent_noise,variance,0.1,proven_maximum_cardinality,0;44;56;61;64;110;115;139;152;198;199,11,11,0,0.55,0.0
259,mean_naive_persistent_noise_full_data,persistent_noise,variance,0.1,proven_maximum_cardinality,18;29;57;64;67;72;111;131;161;168,10,10,0,0.5,0.0
260,mean_naive_persistent_noise_full_data,persistent_noise,variance,0.1,proven_maximum_cardinality,14;31;44;45;77;84;86;88;91;136;142;155;161;168;171,15,13,2,0.65,0.13333333333333333
261,mean_naive_persistent_noise_full_data,persistent_noise,variance,0.1,proven_maximum_cardinality,15;53;62;74;77;85;90;95;112;155;168;186;192,13,12,1,0.6,0.07692307692307693
262,mean_naive_persistent_noise_full_data,persistent_noise,variance,0.1,proven_maximum_cardinality,3;9;62;82;86;89;107;118;123,9,8,1,0.4,0.1111111111111111
263,mean_naive_persistent_noise_full_data,persistent_noise,variance,0.1,proven_maximum_cardinality,19;36;56;66;80;94;100;114;139;187,10,10,0,0.5,0.0
264,mean_naive_persistent_noise_full_data,persistent_noise,variance,0.1,proven_maximum_cardinality,0;1;8;13;32;41;58;67;102;105;124;134;152;165;167;169;176;178,18,15,3,0.75,0.16666666666666666
265,mean_naive_persistent_noise_full_data,persistent_noise,variance,0.1,proven_maximum_cardinality,41;57;73;79;99;110,6,6,0,0.3,0.0
266,mean_naive_persistent_noise_full_data,persistent_noise,variance,0.1,proven_maximum_cardinality,14;24;36;42;53;60;65;81;98;115;132;133;147;168;186,15,11,4,0.55,0.26666666666666666
267,mean_naive_persistent_noise_full_data,persistent_noise,variance,0.1,proven_maximum_cardinality,56;83;92;107;143;155;171;174,8,8,0,0.4,0.0
268,mean_naive_persistent_noise_full_data,persistent_noise,variance,0.1,proven_maximum_cardinality,9;14;15;72;80;134;166;186,8,8,0,0.4,0.0
269,mean_naive_persistent_noise_full_data,persistent_noise,variance,0.1,proven_maximum_cardinality,12;18;28;70;98;109;161;196,8,7,1,0.35,0.125
270,mean_naive_persistent_noise_full_data,persistent_noise,variance,0.1,proven_maximum_cardinality,52;85;88;114;187,5,5,0,0.25,0.0
271,mean_naive_persistent_noise_full_data,persistent_noise,variance,0.1,proven_maximum_cardinality,30;49;52;72;77;91;104;136;147;167;176;179;183;190,14,12,2,0.6,0.14285714285714285
272,mean_naive_persistent_noise_full_data,persistent_noise,variance,0.1,proven_maximum_cardinality,35;56;58;97;123;155;175;195,8,8,0,0.4,0.0
273,mean_naive_persistent_noise_full_data,persistent_noise,variance,0.1,proven_maximum_cardinality,17;22;40;60;91;95;111;125;167;169;176;183,12,12,0,0.6,0.0
274,mean_naive_persistent_noise_full_data,persistent_noise,variance,0.1,proven_maximum_cardinality,22;56;61;75;133,5,5,0,0.25,0.0
275,mean_naive_persistent_noise_full_data,persistent_noise,variance,0.1,proven_maximum_cardinality,7;12;29;91;116;118;133;151;164;189;192,11,8,3,0.4,0.2727272727272727
276,mean_naive_persistent_noise_full_data,persistent_noise,variance,0.1,proven_maximum_cardinality,2;13;16;23;27;42;45;52;129;132;141;142;163;173;194,15,13,2,0.65,0.13333333333333333
277,mean_naive_persistent_noise_full_data,persistent_noise,variance,0.1,proven_maximum_cardinality,1;16;23;31;44;45;77;89;116;132;136;150;157;159;164;167;179,17,14,3,0.7,0.17647058823529413
278,mean_naive_persistent_noise_full_data,persistent_noise,variance,0.1,proven_maximum_cardinality,2;18;42;48;71;81;109;126;127;132;148,11,11,0,0.55,0.0
279,mean_naive_persistent_noise_full_data,persistent_noise,variance,0.1,proven_maximum_cardinality,19;47;54;62;71;134;139;146;147;150;162;199,12,11,1,0.55,0.08333333333333333
280,mean_naive_persistent_noise_full_data,persistent_noise,variance,0.1,proven_maximum_cardinality,2;10;44;87;137;151;152;172;179,9,8,1,0.4,0.1111111111111111
281,mean_naive_persistent_noise_full_data,persistent_noise,variance,0.1,proven_maximum_cardinality,34;40;49;54;77;90;95;102;107;113;158;166;167,13,12,1,0.6,0.07692307692307693
282,mean_naive_persistent_noise_full_data,persistent_noise,variance,0.1,proven_maximum_cardinality,13;20;40;71;82;87;96;132;134;147;151;171;173;180,14,14,0,0.7,0.0
283,mean_naive_persistent_noise_full_data,persistent_noise,variance,0.1,proven_maximum_cardinality,14;16;34;51;63;104;118;138,8,8,0,0.4,0.0
284,mean_naive_persistent_noise_full_data,persistent_noise,variance,0.1,proven_maximum_cardinality,15;45;55;59;78;111;158;167;175;188,10,9,1,0.45,0.1
285,mean_naive_persistent_noise_full_data,persistent_noise,variance,0.1,proven_maximum_cardinality,2;9;18;37;81;89;119;120;132;138;150;175;191;193,14,13,1,0.65,0.07142857142857142
286,mean_naive_persistent_noise_full_data,persistent_noise,variance,0.1,proven_maximum_cardinality,8;30;66;67;86;89;94;108;115;128;145;156;170;177;192,15,13,2,0.65,0.13333333333333333
287,mean_naive_persistent_noise_full_data,persistent_noise,variance,0.1,proven_maximum_cardinality,38;53;56;61;82;87;118;128;133;169;180;199,12,11,1,0.55,0.08333333333333333
288,mean_naive_persistent_noise_full_data,persistent_noise,variance,0.1,proven_maximum_cardinality,2;7;19;36;40;48;61;64;66;94;97;126;135;156;161;186,16,11,5,0.55,0.3125
289,mean_naive_persistent_noise_full_data,persistent_noise,variance,0.1,proven_maximum_cardinality,16;22;30;68;130;156;158;187;198,9,8,1,0.4,0.1111111111111111
290,mean_naive_persistent_noise_full_data,persistent_noise,variance,0.1,proven_maximum_cardinality,23;43;49;72;91;125;155;176;177;195,10,9,1,0.45,0.1
291,mean_naive_persistent_noise_full_data,persistent_noise,variance,0.1,proven_maximum_cardinality,3;30;41;44;46;92;100;105;127;139;169;179;187,13,12,1,0.6,0.07692307692307693
292,mean_naive_persistent_noise_full_data,persistent_noise,variance,0.1,proven_maximum_cardinality,8;71;84;88;109;113;129;145;180;191;193;197,12,11,1,0.55,0.08333333333333333
293,mean_naive_persistent_noise_full_data,persistent_noise,variance,0.1,proven_maximum_cardinality,3;21;46;48;55;58;81;83;90;111;115;137;142;160;167;186;194,17,13,4,0.65,0.23529411764705882
294,mean_naive_persistent_noise_full_data,persistent_noise,variance,0.1,proven_maximum_cardinality,3;4;10;25;36;54;57;62;66;108;116;119;129;149,14,13,1,0.65,0.07142857142857142
295,mean_naive_persistent_noise_full_data,persistent_noise,variance,0.1,proven_maximum_cardinality,7;30;39;59;61;96;116;122;124;144;163;164;185;191,14,12,2,0.6,0.14285714285714285
296,mean_naive_persistent_noise_full_data,persistent_noise,variance,0.1,proven_maximum_cardinality,44;45;53;63;70;109;124;144;160;167,10,9,1,0.45,0.1
297,mean_naive_persistent_noise_full_data,persistent_noise,variance,0.1,proven_maximum_cardinality,10;72;73;102;140;161;168;178;198,9,8,1,0.4,0.1111111111111111
298,mean_naive_persistent_noise_full_data,persistent_noise,variance,0.1,proven_maximum_cardinality,9;25;35;44;59;63;88;131;154;159;168;196,12,11,1,0.55,0.08333333333333333
299,mean_naive_persistent_noise_full_data,persistent_noise,variance,0.1,proven_maximum_cardinality,4;25;42;49;57;87;97;107;121;125;137;163;165;188,14,14,0,0.7,0.0
300,mean_naive_persistent_noise_full_data,persistent_noise,variance,0.1,proven_maximum_cardinality,30;39;50;62;84;86;103;123;149;152;166;183,12,11,1,0.55,0.08333333333333333
301,mean_naive_persistent_noise_full_data,persistent_noise,variance,0.1,proven_maximum_cardinality,6;27;29;31;47;49;55;58;98;122;126;132;184;190,14,13,1,0.65,0.07142857142857142
302,mean_naive_persistent_noise_full_data,persistent_noise,variance,0.1,proven_maximum_cardinality,12;25;33;49;61;63;78;90;108;123;133;137;173;184,14,14,0,0.7,0.0
303,mean_naive_persistent_noise_full_data,persistent_noise,variance,0.1,proven_maximum_cardinality,19;23;38;60;68;80;81;106;111;121;160;189;194,13,10,3,0.5,0.23076923076923078
304,mean_naive_persistent_noise_full_data,persistent_noise,variance,0.1,proven_maximum_cardinality,51;58;81;84;118;165;171;182,8,8,0,0.4,0.0
305,mean_naive_persistent_noise_full_data,persistent_noise,variance,0.1,proven_maximum_cardinality,17;31;44;48;74;108;112;116;120;129;139;147;153;162;177,15,14,1,0.7,0.06666666666666667
306,mean_naive_persistent_noise_full_data,persistent_noise,variance,0.1,proven_maximum_cardinality,36;64;65;87;126;131;141;147;163,9,8,1,0.4,0.1111111111111111
307,mean_naive_persistent_noise_full_data,persistent_noise,variance,0.1,proven_maximum_cardinality,19;41;47;48;51;61;65;101;121;139;144;158;165;173;180;195;196,17,16,1,0.8,0.058823529411764705
308,mean_naive_persistent_noise_full_data,persistent_noise,variance,0.1,proven_maximum_cardinality,22;24;27;41;43;64;125;126;151;166;177;199,12,12,0,0.6,0.0
309,mean_naive_persistent_noise_full_data,persistent_noise,variance,0.1,proven_maximum_cardinality,48;50;62;65;70;140;149;153;155;167;172;174;178;193,14,13,1,0.65,0.07142857142857142
310,mean_naive_persistent_noise_full_data,persistent_noise,variance,0.1,proven_maximum_cardinality,9;24;37;54;90;97;116;175;178;199,10,10,0,0.5,0.0
311,mean_naive_persistent_noise_full_data,persistent_noise,variance,0.1,proven_maximum_cardinality,3;17;33;36;42;71;72;75;106;196,10,10,0,0.5,0.0
312,mean_naive_persistent_noise_full_data,persistent_noise,variance,0.1,proven_maximum_cardinality,3;9;24;50;86;88;144;157;182;197,10,10,0,0.5,0.0
313,mean_naive_persistent_noise_full_data,persistent_noise,variance,0.1,proven_maximum_cardinality,4;19;45;57;67;105;127;160;172;173;178;196,12,12,0,0.6,0.0
314,mean_naive_persistent_noise_full_data,persistent_noise,variance,0.1,proven_maximum_cardinality,10;53;58;84;90;112;144;183;187,9,8,1,0.4,0.1111111111111111
315,mean_naive_persistent_noise_full_data,persistent_noise,variance,0.1,proven_maximum_cardinality,22;25;33;45;69;86;91;160;168;169;178,11,11,0,0.55,0.0
316,mean_naive_persistent_noise_full_data,persistent_noise,variance,0.1,proven_maximum_cardinality,6;24;30;51;65;135;140;145;166,9,9,0,0.45,0.0
317,mean_naive_persistent_noise_full_data,persistent_noise,variance,0.1,proven_maximum_cardinality,0;37;51;59;82;102;117;130;137;189,10,10,0,0.5,0.0
318,mean_naive_persistent_noise_full_data,persistent_noise,variance,0.1,proven_maximum_cardinality,0;51;58;101;119;173;185;188,8,7,1,0.35,0.125
319,mean_naive_persistent_noise_full_data,persistent_noise,variance,0.1,proven_maximum_cardinality,4;6;30;42;43;44;54;55;66;82;83;87;100;125;173,15,13,2,0.65,0.13333333333333333
320,mean_naive_persistent_noise_full_data,persistent_noise,variance,0.1,proven_maximum_cardinality,33;43;49;63;77;88;90;109;112;115;123;136;143;153;159;190;191,17,15,2,0.75,0.11764705882352941
321,mean_naive_persistent_noise_full_data,persistent_noise,variance,0.1,proven_maximum_cardinality,13;21;98;109;117;121;138;144,8,8,0,0.4,0.0
322,mean_naive_persistent_noise_full_data,persistent_noise,variance,0.1,proven_maximum_cardinality,17;44;51;59;72;81;100;122;131;133,10,10,0,0.5,0.0
323,mean_naive_persistent_noise_full_data,persistent_noise,variance,0.1,proven_maximum_cardinality,18;21;37;54;62;105;130;142;147;164;179;191;199,13,13,0,0.65,0.0
324,mean_naive_persistent_noise_full_data,persistent_noise,variance,0.1,proven_maximum_cardinality,25;28;61;62;65;72;96;134;171;178;186;188,12,12,0,0.6,0.0
325,mean_naive_persistent_noise_full_data,persistent_noise,variance,0.1,proven_maximum_cardinality,12;19;24;42;52;56;78;89;93;100;117;133;163;166;169;172,16,12,4,0.6,0.25
326,mean_naive_persistent_noise_full_data,persistent_noise,variance,0.1,proven_maximum_cardinality,17;36;42;59;146;148;179;191,8,8,0,0.4,0.0
327,mean_naive_persistent_noise_full_data,persistent_noise,variance,0.1,proven_maximum_cardinality,13;19;21;30;35;44;52;75;97;109;117;119;121;136;160;162;174;189;190;193,20,15,5,0.75,0.25
328,mean_naive_persistent_noise_full_data,persistent_noise,variance,0.1,proven_maximum_cardinality,17;49;56;85;86;94;116;120;130;151;178,11,10,1,0.5,0.09090909090909091
329,mean_naive_persistent_noise_full_data,persistent_noise,variance,0.1,proven_maximum_cardinality,3;10;21;41;42;56;66;72;79;96;107;116;151;167;186;199,16,16,0,0.8,0.0
330,mean_naive_persistent_noise_full_data,persistent_noise,variance,0.1,proven_maximum_cardinality,9;26;59;77;80;102;123;129;145;149;169;181;198,13,13,0,0.65,0.0
331,mean_naive_persistent_noise_full_data,persistent_noise,variance,0.1,proven_maximum_cardinality,4;20;73;99;101;112;187;189,8,8,0,0.4,0.0
332,mean_naive_persistent_noise_full_data,persistent_noise,variance,0.1,proven_maximum_cardinality,2;12;16;38;54;69;76;103;106;147;155;161;174;192,14,12,2,0.6,0.14285714285714285
333,mean_naive_persistent_noise_full_data,persistent_noise,variance,0.1,proven_maximum_cardinality,11;37;45;63;76;106;136,7,7,0,0.35,0.0
334,mean_naive_persistent_noise_full_data,persistent_noise,variance,0.1,proven_maximum_cardinality,65;74;126;130;148;154;160;181;183,9,8,1,0.4,0.1111111111111111
335,mean_naive_persistent_noise_full_data,persistent_noise,variance,0.1,proven_maximum_cardinality,13;23;41;51;63;82;121;124;128;131;159;163;168;175;182;184,16,14,2,0.7,0.125
336,mean_naive_persistent_noise_full_data,persistent_noise,variance,0.1,proven_maximum_cardinality,10;12;43;72;83;105;109;141;152,9,9,0,0.45,0.0
337,mean_naive_persistent_noise_full_data,persistent_noise,variance,0.1,proven_maximum_cardinality,5;7;39;45;48;56;102;105;118;152;161;170,12,10,2,0.5,0.16666666666666666
338,mean_naive_persistent_noise_full_data,persistent_noise,variance,0.1,proven_maximum_cardinality,70;71;117;123;125;145;169,7,7,0,0.35,0.0
339,mean_naive_persistent_noise_full_data,persistent_noise,variance,0.1,proven_maximum_cardinality,7;51;76;84;86;118;132;148;158,9,9,0,0.45,0.0
340,mean_naive_persistent_noise_full_data,persistent_noise,variance,0.1,proven_maximum_cardinality,25;31;32;42;73;84;110;114;147;197,10,8,2,0.4,0.2
341,mean_naive_persistent_noise_full_data,persistent_noise,variance,0.1,proven_maximum_cardinality,8;24;63;75;98;109;120;133;148;153;187;190,12,11,1,0.55,0.08333333333333333
342,mean_naive_persistent_noise_full_data,persistent_noise,variance,0.1,proven_maximum_cardinality,2;31;101;142;152,5,5,0,0.25,0.0
343,mean_naive_persistent_noise_full_data,persistent_noise,variance,0.1,proven_maximum_cardinality,11;20;25;36;38;41;64;99;128;136;160;165,12,11,1,0.55,0.08333333333333333
344,mean_naive_persistent_noise_full_data,persistent_noise,variance,0.1,proven_maximum_cardinality,10;14;21;22;45;52;99;100;104;143;183;187,12,11,1,0.55,0.08333333333333333
345,mean_naive_persistent_noise_full_data,persistent_noise,variance,0.1,proven_maximum_cardinality,26;31;32;78;91;100;115;126;138;170;189;195,12,10,2,0.5,0.16666666666666666
346,mean_naive_persistent_noise_full_data,persistent_noise,variance,0.1,proven_maximum_cardinality,11;18;45;78;104;136,6,6,0,0.3,0.0
347,mean_naive_persistent_noise_full_data,persistent_noise,variance,0.1,proven_maximum_cardinality,1;12;22;54;62;66;125;126;194;195,10,10,0,0.5,0.0
348,mean_naive_persistent_noise_full_data,persistent_noise,variance,0.1,proven_maximum_cardinality,1;7;13;18;27;40;57;81;83;91;133;165;175;181,14,13,1,0.65,0.07142857142857142
349,mean_naive_persistent_noise_full_data,persistent_noise,variance,0.1,proven_maximum_cardinality,7;13;16;41;85;88;126;136;145;189;195,11,8,3,0.4,0.2727272727272727
350,mean_naive_persistent_noise_full_data,persistent_noise,variance,0.1,proven_maximum_cardinality,33;48;68;86;92;98;100;146;165;166;167;169;183;195;198,15,15,0,0.75,0.0
351,mean_naive_persistent_noise_full_data,persistent_noise,variance,0.1,proven_maximum_cardinality,1;22;33;55;68;91;92;98;125;167,10,10,0,0.5,0.0
352,mean_naive_persistent_noise_full_data,persistent_noise,variance,0.1,proven_maximum_cardinality,10;12;40;45;79;104;105;116;122;125;126;137;141;144;145;182;183;187,18,16,2,0.8,0.1111111111111111
353,mean_naive_persistent_noise_full_data,persistent_noise,variance,0.1,proven_maximum_cardinality,9;12;36;55;73;90;93;108;111;126;152;181;184;188,14,14,0,0.7,0.0
354,mean_naive_persistent_noise_full_data,persistent_noise,variance,0.1,proven_maximum_cardinality,22;29;73;84;93;128;165;169;173;191,10,10,0,0.5,0.0
355,mean_naive_persistent_noise_full_data,persistent_noise,variance,0.1,proven_maximum_cardinality,35;37;42;66;67;80;110;121;130;146;186;190;195,13,10,3,0.5,0.23076923076923078
356,mean_naive_persistent_noise_full_data,persistent_noise,variance,0.1,proven_maximum_cardinality,4;26;32;38;45;47;55;77;83;113;143;149;156;180,14,14,0,0.7,0.0
357,mean_naive_persistent_noise_full_data,persistent_noise,variance,0.1,proven_maximum_cardinality,27;28;63;64;107;115;159;188;191,9,9,0,0.45,0.0
358,mean_naive_persistent_noise_full_data,persistent_noise,variance,0.1,proven_maximum_cardinality,11;16;24;37;46;70;84;90;122;147;172,11,9,2,0.45,0.18181818181818182
359,mean_naive_persistent_noise_full_data,persistent_noise,variance,0.1,proven_maximum_cardinality,21;29;45;68;75;100;103;104;113;138;142;144;147;148;193,15,14,1,0.7,0.06666666666666667
360,mean_naive_persistent_noise_full_data,persistent_noise,variance,0.1,proven_maximum_cardinality,9;17;21;35;45;59;80;105;114;121;138;142;144;151;156;159;198,17,15,2,0.75,0.11764705882352941
361,mean_naive_persistent_noise_full_data,persistent_noise,variance,0.1,proven_maximum_cardinality,5;60;95;96;125;128;144;157;186;194,10,10,0,0.5,0.0
362,mean_naive_persistent_noise_full_data,persistent_noise,variance,0.1,proven_maximum_cardinality,27;73;85;126;142;149;150;168;186;193;199,11,11,0,0.55,0.0
363,mean_naive_persistent_noise_full_data,persistent_noise,variance,0.1,proven_maximum_cardinality,10;11;19;35;38;66;105;110;131;152;167;168;192,13,13,0,0.65,0.0
364,mean_naive_persistent_noise_full_data,persistent_noise,variance,0.1,proven_maximum_cardinality,2;6;58;73;81;90;106;122;129;136;143;153;171;186,14,13,1,0.65,0.07142857142857142
365,mean_naive_persistent_noise_full_data,persistent_noise,variance,0.1,proven_maximum_cardinality,21;26;27;35;51;72;77;95;99;100;104;109;134;137;165;194,16,16,0,0.8,0.0
366,mean_naive_persistent_noise_full_data,persistent_noise,variance,0.1,proven_maximum_cardinality,1;7;14;39;54;73;78;79;87;88;90;99;137;142;160;175;198;199,18,15,3,0.75,0.16666666666666666
367,mean_naive_persistent_noise_full_data,persistent_noise,variance,0.1,proven_maximum_cardinality,2;4;31;60;67;83;86;99;110;149;154;160;166;189;192;193,16,14,2,0.7,0.125
368,mean_naive_persistent_noise_full_data,persistent_noise,variance,0.1,proven_maximum_cardinality,26;27;55;129;143;151;154;157;170,9,9,0,0.45,0.0
369,mean_naive_persistent_noise_full_data,persistent_noise,variance,0.1,proven_maximum_cardinality,4;5;8;36;38;39;47;113;121;126;130;135;155;157;193,15,13,2,0.65,0.13333333333333333
370,mean_naive_persistent_noise_full_data,persistent_noise,variance,0.1,proven_maximum_cardinality,34;53;73;80;91;105;109;125;158;168,10,10,0,0.5,0.0
371,mean_naive_persistent_noise_full_data,persistent_noise,variance,0.1,proven_maximum_cardinality,10;51;53;58;67;86;93;102;103;110;116;152;158;195,14,14,0,0.7,0.0
372,mean_naive_persistent_noise_full_data,persistent_noise,variance,0.1,proven_maximum_cardinality,8;20;21;31;37;47;53;81;102;139;141;146;147;176;194,15,13,2,0.65,0.13333333333333333
373,mean_naive_persistent_noise_full_data,persistent_noise,variance,0.1,proven_maximum_cardinality,3;10;17;45;68;77;78;89;92;106;158;165;169;175,14,13,1,0.65,0.07142857142857142
374,mean_naive_persistent_noise_full_data,persistent_noise,variance,0.1,proven_maximum_cardinality,19;20;26;36;48;55;57;71;104;127;133;134;157;158;171;186;189;195,18,15,3,0.75,0.16666666666666666
375,mean_naive_persistent_noise_full_data,persistent_noise,variance,0.1,proven_maximum_cardinality,34;39;42;44;92;93;130;135;187,9,8,1,0.4,0.1111111111111111
376,mean_naive_persistent_noise_full_data,persistent_noise,variance,0.1,proven_maximum_cardinality,14;15;20;47;63;75;91;96;107;112;152;163;167;170;188,15,14,1,0.7,0.06666666666666667
377,mean_naive_persistent_noise_full_data,persistent_noise,variance,0.1,proven_maximum_cardinality,2;40;59;62;64;77;79;82;85;88;138;177;186,13,13,0,0.65,0.0
378,mean_naive_persistent_noise_full_data,persistent_noise,variance,0.1,proven_maximum_cardinality,13;35;45;52;76;121;143;159;176;177;188;192;194;196,14,11,3,0.55,0.21428571428571427
379,mean_naive_persistent_noise_full_data,persistent_noise,variance,0.1,proven_maximum_cardinality,5;36;43;55;83;121;122;139,8,8,0,0.4,0.0
380,mean_naive_persistent_noise_full_data,persistent_noise,variance,0.1,proven_maximum_cardinality,9;11;27;29;32;36;74;100;119;163;179,11,9,2,0.45,0.18181818181818182
381,mean_naive_persistent_noise_full_data,persistent_noise,variance,0.1,proven_maximum_cardinality,27;87;89;100;158;159;165;189,8,8,0,0.4,0.0
382,mean_naive_persistent_noise_full_data,persistent_noise,variance,0.1,proven_maximum_cardinality,14;21;29;47;66;72;81;96;112;129;147;149;150;169;185,15,14,1,0.7,0.06666666666666667
383,mean_naive_persistent_noise_full_data,persistent_noise,variance,0.1,proven_maximum_cardinality,6;22;61;86;87;153;162;199,8,8,0,0.4,0.0
384,mean_naive_persistent_noise_full_data,persistent_noise,variance,0.1,proven_maximum_cardinality,5;15;73;88;103;124;140;153;180,9,8,1,0.4,0.1111111111111111
385,mean_naive_persistent_noise_full_data,persistent_noise,variance,0.1,proven_maximum_cardinality,6;17;20;82;86;93;100;104;140;146;184;185,12,11,1,0.55,0.08333333333333333
386,mean_naive_persistent_noise_full_data,persistent_noise,variance,0.1,proven_maximum_cardinality,2;11;24;48;61;69;75;121;170;176;182;193,12,12,0,0.6,0.0
387,mean_naive_persistent_noise_full_data,persistent_noise,variance,0.1,proven_maximum_cardinality,21;35;39;43;64;89;132;156;174;176;184,11,10,1,0.5,0.09090909090909091
388,mean_naive_persistent_noise_full_data,persistent_noise,variance,0.1,proven_maximum_cardinality,2;8;14;17;21;41;47;65;70;95;104;110;125;132;152;164;168,17,15,2,0.75,0.11764705882352941
389,mean_naive_persistent_noise_full_data,persistent_noise,variance,0.1,proven_maximum_cardinality,7;10;21;25;43;56;69;73;88;102;146;166,12,12,0,0.6,0.0
390,mean_naive_persistent_noise_full_data,persistent_noise,variance,0.1,proven_maximum_cardinality,15;21;34;44;53;68;86;99;107;121;152;167;169;184,14,13,1,0.65,0.07142857142857142
391,mean_naive_persistent_noise_full_data,persistent_noise,variance,0.1,proven_maximum_cardinality,36;73;90;101;109;115;116;143;145;161;180,11,10,1,0.5,0.09090909090909091
392,mean_naive_persistent_noise_full_data,persistent_noise,variance,0.1,proven_maximum_cardinality,4;19;33;67;70;118;152;172;173;180,10,9,1,0.45,0.1
393,mean_naive_persistent_noise_full_data,persistent_noise,variance,0.1,proven_maximum_cardinality,28;52;73;96;103;119;125;128;140;143;156;184,12,10,2,0.5,0.16666666666666666
394,mean_naive_persistent_noise_full_data,persistent_noise,variance,0.1,proven_maximum_cardinality,12;18;23;27;38;149;153;179;185;189;197,11,10,1,0.5,0.09090909090909091
395,mean_naive_persistent_noise_full_data,persistent_noise,variance,0.1,proven_maximum_cardinality,3;8;10;25;48;52;54;90;97;99;103;118;171;190,14,13,1,0.65,0.07142857142857142
396,mean_naive_persistent_noise_full_data,persistent_noise,variance,0.1,proven_maximum_cardinality,0;32;53;61;62;72;75;82;132;133;195,11,11,0,0.55,0.0
397,mean_naive_persistent_noise_full_data,persistent_noise,variance,0.1,proven_maximum_cardinality,5;7;63;73;91;131;142;143;152;153;180;198,12,12,0,0.6,0.0
398,mean_naive_persistent_noise_full_data,persistent_noise,variance,0.1,proven_maximum_cardinality,8;35;44;84;91;120;122;127;136;155,10,10,0,0.5,0.0
399,mean_naive_persistent_noise_full_data,persistent_noise,variance,0.1,proven_maximum_cardinality,6;9;24;48;62;81;83;93;102;129;130;131;132;156;186,15,15,0,0.75,0.0
400,mean_naive_persistent_noise_full_data,persistent_noise,variance,0.1,proven_maximum_cardinality,4;11;26;42;44;70;80;81;93;97;112;138;188,13,13,0,0.65,0.0
401,mean_naive_persistent_noise_full_data,persistent_noise,variance,0.1,proven_maximum_cardinality,74;84;89;123;187;197,6,6,0,0.3,0.0
402,mean_naive_persistent_noise_full_data,persistent_noise,variance,0.1,proven_maximum_cardinality,7;22;41;47;69;77;99;100;105;172,10,10,0,0.5,0.0
403,mean_naive_persistent_noise_full_data,persistent_noise,variance,0.1,proven_maximum_cardinality,16;22;25;27;38;56;57;73;86;102;110;130;132;171;172,15,13,2,0.65,0.13333333333333333
404,mean_naive_persistent_noise_full_data,persistent_noise,variance,0.1,proven_maximum_cardinality,11;24;28;47;49;55;56;57;68;79;86;88;94;130;141;157;163,17,15,2,0.75,0.11764705882352941
405,mean_naive_persistent_noise_full_data,persistent_noise,variance,0.1,proven_maximum_cardinality,4;31;53;69;73;93;103;106;115;142;176;180;187;197,14,11,3,0.55,0.21428571428571427
406,mean_naive_persistent_noise_full_data,persistent_noise,variance,0.1,proven_maximum_cardinality,16;29;34;44;55;77;88;98;198,9,9,0,0.45,0.0
407,mean_naive_persistent_noise_full_data,persistent_noise,variance,0.1,proven_maximum_cardinality,4;17;23;34;54;83;95;108;136;146;180;186,12,11,1,0.55,0.08333333333333333
408,mean_naive_persistent_noise_full_data,persistent_noise,variance,0.1,proven_maximum_cardinality,2;11;84;106;112;121;126;171,8,8,0,0.4,0.0
409,mean_naive_persistent_noise_full_data,persistent_noise,variance,0.1,proven_maximum_cardinality,71;79;95;128;133;146;156;163;193;197,10,9,1,0.45,0.1
410,mean_naive_persistent_noise_full_data,persistent_noise,variance,0.1,proven_maximum_cardinality,3;40;47;54;82;119;121;136;158;174,10,10,0,0.5,0.0
411,mean_naive_persistent_noise_full_data,persistent_noise,variance,0.1,proven_maximum_cardinality,9;21;31;35;39;50;112;120;124;139;141;144,12,12,0,0.6,0.0
412,mean_naive_persistent_noise_full_data,persistent_noise,variance,0.1,proven_maximum_cardinality,18;27;56;62;69;82;87;88;89;99;130;151;159;164;171,15,14,1,0.7,0.06666666666666667
413,mean_naive_persistent_noise_full_data,persistent_noise,variance,0.1,proven_maximum_cardinality,25;54;67;69;70;86;93;124;148;156;165;185;189,13,11,2,0.55,0.15384615384615385
414,mean_naive_persistent_noise_full_data,persistent_noise,variance,0.1,proven_maximum_cardinality,23;24;57;70;71;73;80;107;125;141;155;171,12,11,1,0.55,0.08333333333333333
415,mean_naive_persistent_noise_full_data,persistent_noise,variance,0.1,proven_maximum_cardinality,12;37;46;71;81;91;131;135;140;144;171;176;187;191,14,12,2,0.6,0.14285714285714285
416,mean_naive_persistent_noise_full_data,persistent_noise,variance,0.1,proven_maximum_cardinality,72;92;135;183,4,4,0,0.2,0.0
417,mean_naive_persistent_noise_full_data,persistent_noise,variance,0.1,proven_maximum_cardinality,6;8;25;44;72;83;93;127;143;172;193,11,11,0,0.55,0.0
418,mean_naive_persistent_noise_full_data,persistent_noise,variance,0.1,proven_maximum_cardinality,3;10;33;35;46;57;76;90;147,9,8,1,0.4,0.1111111111111111
419,mean_naive_persistent_noise_full_data,persistent_noise,variance,0.1,proven_maximum_cardinality,53;54;65;100;102;103;116;139;144;147;164;169;183;189;191,15,13,2,0.65,0.13333333333333333
420,mean_naive_persistent_noise_full_data,persistent_noise,variance,0.1,proven_maximum_cardinality,15;49;57;89;92;110;130;131;136;167;171;174;198,13,12,1,0.6,0.07692307692307693
421,mean_naive_persistent_noise_full_data,persistent_noise,variance,0.1,proven_maximum_cardinality,52;71;78;84;85;95;104;105;117;142;162,11,11,0,0.55,0.0
422,mean_naive_persistent_noise_full_data,persistent_noise,variance,0.1,proven_maximum_cardinality,3;16;57;64;68;77;79;121;126;128;163;167;168;181;184;192,16,14,2,0.7,0.125
423,mean_naive_persistent_noise_full_data,persistent_noise,variance,0.1,proven_maximum_cardinality,1;5;9;18;23;51;64;75;88;110;112;127;132;140;152;156;186,17,17,0,0.85,0.0
424,mean_naive_persistent_noise_full_data,persistent_noise,variance,0.1,proven_maximum_cardinality,2;6;13;18;27;29;44;52;61;67;88;95;100;125;130;138;147,17,15,2,0.75,0.11764705882352941
425,mean_naive_persistent_noise_full_data,persistent_noise,variance,0.1,proven_maximum_cardinality,11;12;16;24;30;34;39;56;57;73;81;119;158;181,14,14,0,0.7,0.0
426,mean_naive_persistent_noise_full_data,persistent_noise,variance,0.1,proven_maximum_cardinality,10;12;16;35;40;57;124;133;150;159;181;187;189;199,14,12,2,0.6,0.14285714285714285
427,mean_naive_persistent_noise_full_data,persistent_noise,variance,0.1,proven_maximum_cardinality,5;8;11;41;56;58;79;80;81;92;109;123;132;141;146;159;165;191,18,17,1,0.85,0.05555555555555555
428,mean_naive_persistent_noise_full_data,persistent_noise,variance,0.1,proven_maximum_cardinality,11;16;18;24;43;57;102;113;135;140;148,11,10,1,0.5,0.09090909090909091
429,mean_naive_persistent_noise_full_data,persistent_noise,variance,0.1,proven_maximum_cardinality,1;96;114;134;148;167;193;197;198,9,8,1,0.4,0.1111111111111111
430,mean_naive_persistent_noise_full_data,persistent_noise,variance,0.1,proven_maximum_cardinality,10;20;45;46;73;77;89;121;139;168;169;174;182;185;190,15,14,1,0.7,0.06666666666666667
431,mean_naive_persistent_noise_full_data,persistent_noise,variance,0.1,proven_maximum_cardinality,7;8;64;73;74;84;86;89;95;96;105;110;113;122;143;150,16,14,2,0.7,0.125
432,mean_naive_persistent_noise_full_data,persistent_noise,variance,0.1,proven_maximum_cardinality,4;19;23;34;48;70;73;102;131;140;144;149;154;179,14,12,2,0.6,0.14285714285714285
433,mean_naive_persistent_noise_full_data,persistent_noise,variance,0.1,proven_maximum_cardinality,18;28;32;36;69;73;86;102;131;177,10,9,1,0.45,0.1
434,mean_naive_persistent_noise_full_data,persistent_noise,variance,0.1,proven_maximum_cardinality,10;23;40;55;72;86;97;102;127;167;171;182;195,13,12,1,0.6,0.07692307692307693
435,mean_naive_persistent_noise_full_data,persistent_noise,variance,0.1,proven_maximum_cardinality,6;20;87;95;150;162;181,7,7,0,0.35,0.0
436,mean_naive_persistent_noise_full_data,persistent_noise,variance,0.1,proven_maximum_cardinality,33;35;54;106;179,5,5,0,0.25,0.0
437,mean_naive_persistent_noise_full_data,persistent_noise,variance,0.1,proven_maximum_cardinality,22;30;38;55;58;86;101;106;115;124;130;136;150;189,14,11,3,0.55,0.21428571428571427
438,mean_naive_persistent_noise_full_data,persistent_noise,variance,0.1,proven_maximum_cardinality,7;14;54;62;81;100;113;117;128;133;141;172;174;177;194,15,14,1,0.7,0.06666666666666667
439,mean_naive_persistent_noise_full_data,persistent_noise,variance,0.1,proven_maximum_cardinality,0;17;46;57;65;68;150;165;171,9,7,2,0.35,0.2222222222222222
440,mean_naive_persistent_noise_full_data,persistent_noise,variance,0.1,proven_maximum_cardinality,3;22;29;66;88;111;126;135;137;195;199,11,9,2,0.45,0.18181818181818182
441,mean_naive_persistent_noise_full_data,persistent_noise,variance,0.1,proven_maximum_cardinality,13;21;40;67;69;72;79;127;133;141;177;197,12,12,0,0.6,0.0
442,mean_naive_persistent_noise_full_data,persistent_noise,variance,0.1,proven_maximum_cardinality,9;14;30;70;90;107;116;124;137;148;152;156,12,12,0,0.6,0.0
443,mean_naive_persistent_noise_full_data,persistent_noise,variance,0.1,proven_maximum_cardinality,1;6;10;56;78;97;134;170;199,9,8,1,0.4,0.1111111111111111
444,mean_naive_persistent_noise_full_data,persistent_noise,variance,0.1,proven_maximum_cardinality,0;24;41;44;101;113;130;146;154;156;164;170;176;184;193,15,14,1,0.7,0.06666666666666667
445,mean_naive_persistent_noise_full_data,persistent_noise,variance,0.1,proven_maximum_cardinality,15;22;66;80;150;154;155;184;197,9,8,1,0.4,0.1111111111111111
446,mean_naive_persistent_noise_full_data,persistent_noise,variance,0.1,proven_maximum_cardinality,8;9;29;38;40;46;58;69;121;128;142;151;191,13,13,0,0.65,0.0
447,mean_naive_persistent_noise_full_data,persistent_noise,variance,0.1,proven_maximum_cardinality,5;7;9;13;22;98;110;161;167;178,10,10,0,0.5,0.0
448,mean_naive_persistent_noise_full_data,persistent_noise,variance,0.1,proven_maximum_cardinality,34;48;55;63;149;150;155;166;182;191;192;198,12,12,0,0.6,0.0
449,mean_naive_persistent_noise_full_data,persistent_noise,variance,0.1,proven_maximum_cardinality,16;32;34;52;61;103;119;126;131;150;166;193,12,10,2,0.5,0.16666666666666666
450,mean_naive_persistent_noise_full_data,persistent_noise,variance,0.1,proven_maximum_cardinality,15;17;44;59;82;113;124;127;134;138;140;149,12,11,1,0.55,0.08333333333333333
451,mean_naive_persistent_noise_full_data,persistent_noise,variance,0.1,proven_maximum_cardinality,7;10;22;30;35;39;52;54;88;98;127;138;147;170;175,15,13,2,0.65,0.13333333333333333
452,mean_naive_persistent_noise_full_data,persistent_noise,variance,0.1,proven_maximum_cardinality,9;19;20;37;72;84;88;91;101;110;150;159;188;191,14,14,0,0.7,0.0
453,mean_naive_persistent_noise_full_data,persistent_noise,variance,0.1,proven_maximum_cardinality,24;50;137;143;156;186,6,6,0,0.3,0.0
454,mean_naive_persistent_noise_full_data,persistent_noise,variance,0.1,proven_maximum_cardinality,30;47;75;76;89;111;132;148;151;164;167,11,11,0,0.55,0.0
455,mean_naive_persistent_noise_full_data,persistent_noise,variance,0.1,proven_maximum_cardinality,13;51;54;68;79;101;128;131;144;163;195,11,10,1,0.5,0.09090909090909091
456,mean_naive_persistent_noise_full_data,persistent_noise,variance,0.1,proven_maximum_cardinality,0;5;17;25;33;39;65;66;80;96;99;117;121;122;124;151;156;170;179;188;197,21,19,2,0.95,0.09523809523809523
457,mean_naive_persistent_noise_full_data,persistent_noise,variance,0.1,proven_maximum_cardinality,27;54;62;71;77;105;113;115;124;125;127;145;149;151;174;179;180;183;196,19,15,4,0.75,0.21052631578947367
458,mean_naive_persistent_noise_full_data,persistent_noise,variance,0.1,proven_maximum_cardinality,10;19;36;56;57;100;125;131;188;193;197,11,10,1,0.5,0.09090909090909091
459,mean_naive_persistent_noise_full_data,persistent_noise,variance,0.1,proven_maximum_cardinality,12;19;21;37;50;58;67;72;87;94;97;158,12,10,2,0.5,0.16666666666666666
460,mean_naive_persistent_noise_full_data,persistent_noise,variance,0.1,proven_maximum_cardinality,41;53;61;104;110;127;136;145;146;182;183,11,10,1,0.5,0.09090909090909091
461,mean_naive_persistent_noise_full_data,persistent_noise,variance,0.1,proven_maximum_cardinality,34;61;64;76;97;118;131;132;160;181;197,11,11,0,0.55,0.0
462,mean_naive_persistent_noise_full_data,persistent_noise,variance,0.1,proven_maximum_cardinality,3;4;19;56;64;66;67;72;76;105;109;117;127;128;164;165;197,17,14,3,0.7,0.17647058823529413
463,mean_naive_persistent_noise_full_data,persistent_noise,variance,0.1,proven_maximum_cardinality,9;10;15;16;29;43;44;65;69;71;116;118;137;158;190;191,16,15,1,0.75,0.0625
464,mean_naive_persistent_noise_full_data,persistent_noise,variance,0.1,proven_maximum_cardinality,25;29;99;114;153;186;189,7,6,1,0.3,0.14285714285714285
465,mean_naive_persistent_noise_full_data,persistent_noise,variance,0.1,proven_maximum_cardinality,3;9;44;55;68;102;103;116;117;167;169;182,12,12,0,0.6,0.0
466,mean_naive_persistent_noise_full_data,persistent_noise,variance,0.1,proven_maximum_cardinality,8;21;32;34;47;71;80;82;138;154;177;180;194;199,14,14,0,0.7,0.0
467,mean_naive_persistent_noise_full_data,persistent_noise,variance,0.1,proven_maximum_cardinality,34;52;93;104;133;151;176;186;197,9,9,0,0.45,0.0
468,mean_naive_persistent_noise_full_data,persistent_noise,variance,0.1,proven_maximum_cardinality,25;36;37;40;87;109;114;123;128;129;136;174;177,13,13,0,0.65,0.0
469,mean_naive_persistent_noise_full_data,persistent_noise,variance,0.1,proven_maximum_cardinality,0;22;25;31;60;62;78;82;104;108;130;163;164;186,14,14,0,0.7,0.0
470,mean_naive_persistent_noise_full_data,persistent_noise,variance,0.1,proven_maximum_cardinality,5;31;33;39;42;62;82;85;90;97;137;172;191,13,13,0,0.65,0.0
471,mean_naive_persistent_noise_full_data,persistent_noise,variance,0.1,proven_maximum_cardinality,5;30;37;41;58;76;88;90;128;152;165;184;196,13,10,3,0.5,0.23076923076923078
472,mean_naive_persistent_noise_full_data,persistent_noise,variance,0.1,proven_maximum_cardinality,5;32;40;59;79;94;100;141;176,9,9,0,0.45,0.0
473,mean_naive_persistent_noise_full_data,persistent_noise,variance,0.1,proven_maximum_cardinality,39;56;57;58;127;133;188,7,7,0,0.35,0.0
474,mean_naive_persistent_noise_full_data,persistent_noise,variance,0.1,proven_maximum_cardinality,19;83;90;115;162;178;187,7,7,0,0.35,0.0
475,mean_naive_persistent_noise_full_data,persistent_noise,variance,0.1,proven_maximum_cardinality,1;6;38;45;47;73;79;90;101;134;162;179;180;186,14,13,1,0.65,0.07142857142857142
476,mean_naive_persistent_noise_full_data,persistent_noise,variance,0.1,proven_maximum_cardinality,88;91;107;108;118;121;141;171;196,9,9,0,0.45,0.0
477,mean_naive_persistent_noise_full_data,persistent_noise,variance,0.1,proven_maximum_cardinality,2;24;37;52;89;103;125;157;170;189,10,9,1,0.45,0.1
478,mean_naive_persistent_noise_full_data,persistent_noise,variance,0.1,proven_maximum_cardinality,37;47;61;72;93;99;114;115;116;122;128;134;147;186;194,15,14,1,0.7,0.06666666666666667
479,mean_naive_persistent_noise_full_data,persistent_noise,variance,0.1,proven_maximum_cardinality,29;44;75;79;105;107;123;152;155;162;164;176;196;199,14,14,0,0.7,0.0
480,mean_naive_persistent_noise_full_data,persistent_noise,variance,0.1,proven_maximum_cardinality,25;44;62;80;88;99;113;124;138;169;176;177;182,13,13,0,0.65,0.0
481,mean_naive_persistent_noise_full_data,persistent_noise,variance,0.1,proven_maximum_cardinality,8;32;48;51;52;53;55;87;96;120;172,11,9,2,0.45,0.18181818181818182
482,mean_naive_persistent_noise_full_data,persistent_noise,variance,0.1,proven_maximum_cardinality,14;18;23;27;48;74;106;118;126;159;164,11,11,0,0.55,0.0
483,mean_naive_persistent_noise_full_data,persistent_noise,variance,0.1,proven_maximum_cardinality,13;24;25;53;63;69;117;162,8,8,0,0.4,0.0
484,mean_naive_persistent_noise_full_data,persistent_noise,variance,0.1,proven_maximum_cardinality,12;36;42;58;64;105;111;124;169;187,10,9,1,0.45,0.1
485,mean_naive_persistent_noise_full_data,persistent_noise,variance,0.1,proven_maximum_cardinality,29;34;67;117;139;177,6,6,0,0.3,0.0
486,mean_naive_persistent_noise_full_data,persistent_noise,variance,0.1,proven_maximum_cardinality,24;30;45;85;101;115;118;126;132;157;176;195;199,13,13,0,0.65,0.0
487,mean_naive_persistent_noise_full_data,persistent_noise,variance,0.1,proven_maximum_cardinality,11;50;64;72;76;77;85;113;141;155;170;176;188;193,14,14,0,0.7,0.0
488,mean_naive_persistent_noise_full_data,persistent_noise,variance,0.1,proven_maximum_cardinality,18;31;56;72;79;105;112;114;124;135;158,11,11,0,0.55,0.0
489,mean_naive_persistent_noise_full_data,persistent_noise,variance,0.1,proven_maximum_cardinality,5;9;20;51;74;76;98;139;141;198,10,9,1,0.45,0.1
490,mean_naive_persistent_noise_full_data,persistent_noise,variance,0.1,proven_maximum_cardinality,45;49;118;155;166;195;198,7,6,1,0.3,0.14285714285714285
491,mean_naive_persistent_noise_full_data,persistent_noise,variance,0.1,proven_maximum_cardinality,13;30;35;48;59;63;80;85;116;121;131;151;152;158;171;189,16,14,2,0.7,0.125
492,mean_naive_persistent_noise_full_data,persistent_noise,variance,0.1,proven_maximum_cardinality,3;59;74;97;104;105;116;131;173;198,10,10,0,0.5,0.0
493,mean_naive_persistent_noise_full_data,persistent_noise,variance,0.1,proven_maximum_cardinality,4;43;45;106;123;127;132;162;189;195;199,11,11,0,0.55,0.0
494,mean_naive_persistent_noise_full_data,persistent_noise,variance,0.1,proven_maximum_cardinality,21;28;96;144;166;183;194,7,6,1,0.3,0.14285714285714285
495,mean_naive_persistent_noise_full_data,persistent_noise,variance,0.1,proven_maximum_cardinality,3;11;55;60;83;88;130;160;170;185;192,11,11,0,0.55,0.0
496,mean_naive_persistent_noise_full_data,persistent_noise,variance,0.1,proven_maximum_cardinality,26;31;44;68;85;92;101;108;115;117;135;154,12,11,1,0.55,0.08333333333333333
497,mean_naive_persistent_noise_full_data,persistent_noise,variance,0.1,proven_maximum_cardinality,16;22;40;60;65;75;108;132;138;148;187;190,12,10,2,0.5,0.16666666666666666
498,mean_naive_persistent_noise_full_data,persistent_noise,variance,0.1,proven_maximum_cardinality,25;29;66;99;107;119;128;130;138;140;142;146;191,13,12,1,0.6,0.07692307692307693
499,mean_naive_persistent_noise_full_data,persistent_noise,variance,0.1,proven_maximum_cardinality,67;73;88;103;106;109;110;154;161;163;173;179,12,12,0,0.6,0.0
500,mean_naive_persistent_noise_full_data,persistent_noise,variance,0.1,proven_maximum_cardinality,1;4;15;18;24;65;67;96;97;100;134;147;167;181;184;195,16,14,2,0.7,0.125
