local_replication,global_replication,primary_replication_seed,persistent_noise_seed
1,501,7023777129750152150,10903417686172645098
2,502,13988901704612267014,17657151220716718820
3,503,7368555759680052328,9095652187497369698
4,504,2009852363207707062,3606080201857419581
5,505,17188767654925959758,3665825475109180943
6,506,6981521136792989627,14676295664189782685
7,507,13148947876124825597,8483669911053464721
8,508,14739724052649301936,13962713891662089385
9,509,14427608183064562788,7320524625142562854
10,510,2133467337624313859,10720482051605183862
11,511,16334166171259255375,17512904639104346108
12,512,2219822435319927790,1070694946261887958
13,513,4762595848939153395,160815901193960774
14,514,17860126539266030095,11873530055444558252
15,515,10445962554449465169,36652181035370378
16,516,10010883995897060459,1025637874336632934
17,517,4632907734481269646,4791679086887740228
18,518,18320781290124695229,16361594172598071931
19,519,4638026824416764232,8157625375280911723
20,520,6108464834032829978,5654031204113235204
21,521,6127864478296917189,8084348661068931833
22,522,16406373708688234030,18039967016647300123
23,523,10692441971324214915,4297008005553519381
24,524,4776854275166604802,17540427171943661210
25,525,4550047188666956415,14269132238808586308
26,526,9111768163209871337,12621025259269576218
27,527,6190720441628218680,17755942753304203299
28,528,1027417370849800613,17935574332346676266
29,529,13812520092465061630,9453616733044359711
30,530,16551788290477644265,15762353271089398105
31,531,11054560196451420909,18315073564097256422
32,532,6986007705846250580,6741943114896899192
33,533,4959765507927283002,10026962839485264289
34,534,4708993536983166904,5836427662472187256
35,535,1439911590559640607,8127557050256818415
36,536,13738612808846890207,9072448626384975121
37,537,4336786689694732651,4445265600002271846
38,538,17700385629989798381,12323469886546881552
39,539,7398436681007210614,12772102878676708170
40,540,9242437942587535037,12713056473528004690
41,541,4440403872760986588,16518189920567015976
42,542,7910439576660130971,819268696928594162
43,543,5118106072201408334,7015054910119539482
44,544,11206124433697249193,6269761274425566428
45,545,13655673159918234385,4852496631165873869
46,546,7146006831612805677,8128998174682775365
47,547,8238407385114452910,2889086475978344783
48,548,3229318456788608669,5430738363606432381
49,549,3076372518278995760,132727923170775481
50,550,17505852282049167345,9868841943502032952
51,551,10585204094311418076,3502730355523048942
52,552,7062411076374034090,17835886698222677563
53,553,7652081528152682472,11473302714847938035
54,554,5808723504521023012,5762284276861534110
55,555,13888040453915472921,16586049193104718676
56,556,15162580081690615051,18221962513305070695
57,557,10950921132671145392,16701391296915112018
58,558,373309202184920656,18008883945634839827
59,559,8573554848468608627,17605396937025683613
60,560,13370163950715180863,1780939482533147691
61,561,1295643894676070004,6561528370557833948
62,562,9105791847197542728,18042684097491408511
63,563,3525083653482208483,11476263302783851726
64,564,3704904871979868440,3329618228265256238
65,565,5543864655726420215,9183525579621397779
66,566,6558623196828934985,10628731154380676996
67,567,7394148492871028779,2816614143323509280
68,568,7941333184738590501,15917982261758886321
69,569,14197850768245237535,9845957942427218048
70,570,7970132864796776601,17479476602102015365
71,571,5965622958656271857,10573723224031611472
72,572,14940164550230032452,10212640606497495698
73,573,13952730480211937724,13125519824799674607
74,574,14814116494228061801,6799726497246850045
75,575,1179343584050483348,17393374418011961925
76,576,8159709221389588820,2615202165728610903
77,577,1150867819383878938,12617512813360631802
78,578,16225338315699243566,14981980750321894246
79,579,10256656268713899744,11955039597016439051
80,580,10314867361390184389,18417427425920079042
81,581,15859394648114072290,634739816107027141
82,582,9388282810981211681,8633098740878126531
83,583,10252998498187320309,13952398932333602004
84,584,16028345464013783670,9693142515168433738
85,585,12555901919175740127,17219923951862667399
86,586,3811609745879188208,11438349776221150739
87,587,16758122501365542207,14757735773099847087
88,588,5267462382940622534,9207571688357626682
89,589,15091043913667122800,17874466228306195187
90,590,10639080237259452943,14152068860621639151
91,591,4001933322951303038,8892234622356777001
92,592,7257541611006245511,12501249073552086548
93,593,3529911575214645152,12182242510183427049
94,594,5254800714886572623,7202020492290223602
95,595,3554739902257620885,5740403324945934394
96,596,15454149858507773418,17230345794658438228
97,597,1782867164701167521,624939801631011949
98,598,11046464609868926206,7544160269727108098
99,599,13257362031031830188,2343228391304635089
100,600,9898347794409119935,8857435306940124944
101,601,9888340591487360512,103537130444791889
102,602,16085460722184096690,4862765830280151975
103,603,4284901834325634845,5595735129003863248
104,604,14637262864952431969,2137427703281786722
105,605,6822355957790515727,1533188851446636146
106,606,6042426783160518178,12978494606497434076
107,607,17365059177676325956,6893089833560857721
108,608,4359371246817730843,1791004186052546025
109,609,15900597963954829662,16167926349452650778
110,610,2938489615067737507,3411169661404988607
111,611,12879229313925614729,8796461415342928980
112,612,3886186786993025195,12416328305306105237
113,613,1653878197177544648,3077811589484632431
114,614,12248487292884608469,12026481590504727800
115,615,5872193920620140688,10302467793673271224
116,616,15270249470315130193,4926620553187046457
117,617,11518966637184855478,16303034667996156163
118,618,7480683893772252843,10294802246277999363
119,619,4522506035813228944,6324091120700130013
120,620,8382973828217377350,3015896278691087799
121,621,6156094810699538549,8907328309354592001
122,622,9632289766377595489,6464716411033922718
123,623,2122320010898711155,16564364645695003587
124,624,11139815096096726236,15042638606457497558
125,625,2475108907038886582,6022863954916639937
126,626,15246672489851515408,3187367425526269287
127,627,258614170353109883,2933156663698059976
128,628,4686057409437646024,13372019081845003641
129,629,14777035948027361839,12926495959202753430
130,630,16699288487889114705,1429069143848717668
131,631,7239398629021191359,5770164777975378094
132,632,3043730579853041605,12930500542683903613
133,633,9549076913616152920,2223509848119928031
134,634,17130555765869633439,1327007839647816926
135,635,12390954643322924611,10285529559567007642
136,636,17555432048156118631,8739642599310269129
137,637,4501828894241752700,7633144467439167084
138,638,17402105530804870995,10546322478994903858
139,639,13277159747913704248,1779517983337945063
140,640,7149390647262165326,11812963001650213165
141,641,15430372326815128715,3318067289627971683
142,642,14225440706142006462,4327627902863212217
143,643,11948233122681075459,2371842208504624072
144,644,7766770992694991771,5989879655958463776
145,645,16227366966990768551,14533278342716759955
146,646,8502482685371211578,6632008586929356260
147,647,17787421195983768601,10929817805037776291
148,648,10098828866111723357,9342984195612621743
149,649,12704929014930045718,8399981456650366693
150,650,55449242426471359,7695892690731480910
151,651,7226366949670349829,7537918526824232006
152,652,713598260255517231,12297705944940805467
153,653,13301044034516312573,2879076088868675781
154,654,7474359868339991016,14222264846762809436
155,655,13193109128197402921,7393679327075508298
156,656,17917871333149256343,11255515987764302931
157,657,5781138103334233182,15538619490853280674
158,658,7487933955702527123,15615746037796346721
159,659,9918713587941364126,13125894265580581922
160,660,7046714861126731512,15277502509763397772
161,661,6881013175506536468,2435304073314194
162,662,9274669464270822580,644387860055084781
163,663,280880088599619481,2272591607181514817
164,664,10048439836935298205,5479727961631121240
165,665,14478265188135824746,9134726868485890424
166,666,7800026421315876813,2050666168096161246
167,667,14836006029477194877,883827418806319765
168,668,971358889247805848,5705105727533318795
169,669,6383773515802744058,11837395353425989639
170,670,17859547176548463669,11910458070149735446
171,671,5723216323909514781,6621207198178794344
172,672,6567141761091612096,9763109744644417740
173,673,3763482946791038484,16033240170465649696
174,674,11923938476237310000,8720089026811395730
175,675,9311344874955768214,1701938556745290639
176,676,7559488384453075278,8777196623093345925
177,677,14941384859911002587,9560138245096626061
178,678,478852251174001029,1669218383841476840
179,679,184042609299867362,8889876130947763987
180,680,8057595894477137235,6627167905557183487
181,681,13948422585569230894,16451237926624267682
182,682,730090955859276550,14132487774847527803
183,683,7474850538404045161,205303566384504818
184,684,5943828235336412924,631203659061136144
185,685,15992208538349058669,17761030673737551220
186,686,2682277453839358146,15183719852413666944
187,687,7632103099565481283,8624876535174813526
188,688,14472564609785170103,16419563474421863164
189,689,3758083880195224638,15346680572426799430
190,690,691600132730027116,10132482813726688941
191,691,9969576352937943058,1664069165200116961
192,692,18430370767826949357,12638869742090225641
193,693,990453283024221103,5892373475667946587
194,694,4856526284128018420,2039658300920760221
195,695,11003967135980942640,13472885639067437273
196,696,4339977841028335338,11180100280671502317
197,697,6313030302469624908,4427896618207395142
198,698,2549527358699316557,11459110561126738208
199,699,7875090911076463088,4777085944542385084
200,700,3215166084465478906,5496962415670077732
201,701,7426328464756578127,1208540037783387042
202,702,17990077855530848778,8280983634251314934
203,703,15401453175705151681,3781393638665843557
204,704,8000679965543209968,12079650312101266812
205,705,6588848614795376624,17702090251779590967
206,706,3920629688523036070,2404838194329073908
207,707,8839554088065283707,17365929845864327120
208,708,16689360017213230915,10346358206265216605
209,709,7542572765077645521,9863964066119007750
210,710,4191193819333870263,4807539976424237294
211,711,1120769003663474440,2511786699210690902
212,712,18340917518278461492,9602715945368163409
213,713,11618282797643570999,6793029556724816692
214,714,11047452516941159280,14504694320971309265
215,715,5849761756976915109,7207747916231825170
216,716,15031123340286770174,8111543042718989722
217,717,11634720131217489140,18110245929906263017
218,718,5749025686302440642,17298487912101189531
219,719,2238868181728426546,14778240694244153190
220,720,11789082810973973907,15559728280525994439
221,721,1214715833860067446,1947645898321992815
222,722,11297588387425998515,8015193652542115950
223,723,13190480224048586405,869591410020680067
224,724,7151752523892500167,6964192650862159058
225,725,4079334766495468330,2942965614598399619
226,726,6784535859626290039,1459964945645523517
227,727,2225004792515301045,7389980463224537402
228,728,10190591980451629844,17062449464521467183
229,729,5154110758410906433,1898397889186297263
230,730,17640906076345062158,16384598129755153104
231,731,10154352760175195541,15295701724959895864
232,732,768985871793066627,11453351481940453889
233,733,5632834421990109485,2069207419617418758
234,734,10685359149141642462,10011991643493776418
235,735,8792994298817827523,2453237209246849726
236,736,9007335827634825210,16276853333323306427
237,737,10590356891062502930,15717255765625483541
238,738,7328631447936518841,16282571978591787242
239,739,7557586180586495339,14786362779316531358
240,740,10847801748061696253,8921791165720707190
241,741,14625614083992470167,786507582327749316
242,742,4388603372746254024,4945232646326315500
243,743,4826420174862067394,15022080031236054661
244,744,14206929439954821317,18138458697055598980
245,745,1820959917535172124,2346223037813493203
246,746,6142323611738940492,5900836866356967808
247,747,13439882145544121520,10254068521389604293
248,748,11974239182493614085,5114943749453412775
249,749,12631384925324213329,5306319672546645125
250,750,5032675022914286473,3017447874451242469
251,751,642262398082769648,17255710186115541976
252,752,6239406347482115365,16134874485577642225
253,753,7314812491761848748,15724773990399918899
254,754,13881124147561939896,227808269452340341
255,755,582554793615553939,4354284714166586699
256,756,1392251729433171721,2033239628067019380
257,757,7831378228413274289,13506086586541680639
258,758,14486574842610214599,1506573325298162588
259,759,6175844173814223770,6084412427343350726
260,760,1105336657831299412,8422628281599241060
261,761,8696188300777010433,1288729971112143786
262,762,4354377483904301667,15865745056027501086
263,763,6108823052822099429,13281183971062756798
264,764,15000599186053383539,7947885818817152875
265,765,12018437459541155579,2360561570220526118
266,766,5600323139206574164,14040720864428854634
267,767,12113195331012380347,4141332814349612517
268,768,11973477125537565258,7081269395871034260
269,769,2447351794782966706,13059292887248458353
270,770,11905528610180340857,8560722357889267115
271,771,1947001916654181514,5731886458836881093
272,772,12759865743725619184,16568988640896536194
273,773,16833111856301276692,3303793778973437822
274,774,1771911345148827705,14734299475355222221
275,775,4913061503560642833,5091583254258630176
276,776,2499117960341203646,7466629548819448363
277,777,9265134150821814878,3540350373730651126
278,778,2774177343870458912,17690513161845935126
279,779,16599738278193261008,10990796751299983220
280,780,12022993346213523947,807395690937833710
281,781,14524291262681567734,16612525444229352382
282,782,4929251458216840949,15479464838252684578
283,783,2090335461889230211,3854367243350451344
284,784,2462523093222188938,13061519642197717761
285,785,9279801584114113175,14249165589921974207
286,786,2204627479548541131,18318945606915205672
287,787,1499252376741152582,12000697212501947479
288,788,12569427201750791774,18371404278326663611
289,789,15516987680849416537,14974894090683734608
290,790,8922656520962331156,4668880914869118190
291,791,12308495477237145020,4779697734966482216
292,792,10329947757617793554,13349810898139244302
293,793,13229105229347025086,5888613373761119898
294,794,13136352822310674521,8133482900939832426
295,795,5644478626971929493,11766730403903795709
296,796,4878661189794942195,15313635791372910686
297,797,9388734573939340654,5445805844241126250
298,798,5856050310683552517,8874310858328986849
299,799,16927869864609105158,442415471953841004
300,800,11854437832948906230,12423989115147664891
301,801,8122778427797159762,9520408709928081901
302,802,15445367024652560013,7340712810262135846
303,803,11948898722948425986,10331782466595797981
304,804,16558698094500167827,15390727105819176917
305,805,2567872861375489759,11811943445946964305
306,806,1763940152223034034,7600771717086789135
307,807,1839517913046994457,15084182545076144363
308,808,10575878814366112008,169636006038891040
309,809,14466636887740422079,17196950324500750521
310,810,15307686557490061863,6977918894963761528
311,811,17804481332087387997,3817086298171478641
312,812,8691871149152744354,9244742365256889747
313,813,713769939539691457,11256974537491106788
314,814,14995322917992475736,17723617886544908250
315,815,4270394369793286434,3037769146429555295
316,816,18317339877832870825,13375158296611552713
317,817,8819136421922360956,6328974258408458534
318,818,3974600120578631184,1977549603262333931
319,819,13216745402996020520,5983246352801727619
320,820,5922426419445741603,8000138120633630298
321,821,11165675933641959049,12964973166636077456
322,822,648810930722992,9233741216099070641
323,823,14933306999213727868,2194652440134670450
324,824,879972533886447131,2836283935346803571
325,825,13215951995229460498,4747750271055526647
326,826,5763754399525764155,8555881935903623816
327,827,3331565193342888206,15414155585921270749
328,828,9414938072462509177,10999187128055199913
329,829,5999771709214456473,1243441454779586673
330,830,15652372490181931091,8289564843142003732
331,831,11976854370378718319,13922230518025032107
332,832,17282587110068318578,4453705695489757087
333,833,7841157353794833531,18183891522632962391
334,834,14979040623074651202,1015868247560971274
335,835,2155249721446582708,11537912893009030479
336,836,8881362377371577430,11398552446763364696
337,837,9459200673705718654,3772820243867706803
338,838,18302601136550536873,3141735400857288370
339,839,11710911765123655784,15774184552328662342
340,840,15717883610049088367,11110885935818145592
341,841,15848238145478593803,919840269199079126
342,842,3197409019172718174,15773678839639997579
343,843,13505504531775469060,8574603364075916031
344,844,4129594348886207141,16710905430396730076
345,845,9009371846633396477,4704131707389358493
346,846,17907481072817136615,16951922621487622591
347,847,9772336327850540786,8407644367350113647
348,848,2314422400192842944,9386201476543002720
349,849,7532532448652937431,8882900764711345544
350,850,5520774236079257528,13594640382890604877
351,851,11466876112327927294,16861608497929345086
352,852,14785554690226504475,17614574218221546067
353,853,7899754415068244222,16434326121410281180
354,854,4819620001699392234,11912288263055966292
355,855,4932035066392363765,15926070588310051826
356,856,16078605390040587391,2141458298759301140
357,857,4033015753575149085,2848831781547938191
358,858,13269590744391875792,12275771402051280579
359,859,2241632742912384502,10588586201595503344
360,860,6395249697052640788,3684105140331240756
361,861,11446315438026463666,4353712767407890192
362,862,6416715894869521330,14984617423147345488
363,863,10464381485816655564,9432066653567995160
364,864,4810848054018839063,2206672105792924862
365,865,14887875540486906987,12626866307333090373
366,866,17391865224895536578,5682305166592267451
367,867,11991297585100638036,15471646640267402116
368,868,6014093270298549190,6667418850063237051
369,869,1893639390372691040,11027423690485382094
370,870,12484628087750403339,1860276665443488833
371,871,12025870582798700241,1631806951473639710
372,872,6864197128105961272,14888629944695842422
373,873,16417507364718298300,4877533544900089320
374,874,7205798574201390504,3692901469615513491
375,875,5303273113023468477,18186231777765280076
376,876,8285636970888683579,18291627965976825942
377,877,17292486400664371941,16335152686334828943
378,878,7352851209059989176,4837754723098229111
379,879,7590833723915039152,8729516736268979221
380,880,6203939469401290016,14860341395335918326
381,881,15935379502179511763,15001516873764756362
382,882,15290309417816997185,7089318935627662252
383,883,14926341299268005523,18000161401079467873
384,884,1744584104125891729,9881145013868541366
385,885,13577439844607251486,7599678289571020166
386,886,1252283074695334551,12698222489376496391
387,887,8547173826086869637,12722037435493646163
388,888,7006137482151374499,15638299233256957486
389,889,16763588244417295804,16968088885765998456
390,890,16007485318996994337,971165835839341175
391,891,13148405912210519763,8844316138333983245
392,892,3111180199100789629,8104528145877011517
393,893,2288760614917722754,1050078819077187471
394,894,2160016458251868374,9535515114311817026
395,895,7106270144656959855,11831235235025623526
396,896,10258561466265032837,16598731903115654129
397,897,9450724917509565441,1563446609868886886
398,898,5506082387305199635,18260664545783358381
399,899,18077670951739552876,282704498655679876
400,900,699139436260424000,13927738391746785651
401,901,17145992167383190641,5028714018381203412
402,902,15229519086623014124,13376723088844080036
403,903,705331237114967033,18196342074460068158
404,904,15132456566898701316,11782403688125940710
405,905,6813022093786694252,11869582140282657790
406,906,17301377859925036548,1592961284481957020
407,907,14375678004105623542,7973715750955836153
408,908,7662530391321346171,2663338862388038771
409,909,9552088258438333992,6546880858584560009
410,910,9442366537950649237,6665147532248166474
411,911,18344327807764750204,1895090938701286616
412,912,12836215459858028802,9271918741139344662
413,913,1741970131389028117,13641935623966583864
414,914,15702595242285809868,1339263129618375237
415,915,3736731004616778434,2936149653053697050
416,916,6738997651069963219,7030676955738991756
417,917,6781004584541148767,13992248627681667300
418,918,6035430870063492725,5248475031849041051
419,919,10399991115105544642,18423121700588688691
420,920,4826449368337579016,9228184811971268394
421,921,13429441144311825851,4871528865310928638
422,922,16779330699915071614,13107679115528914116
423,923,12772910128600604774,10453165451741694489
424,924,3725361983354253296,7273942742604976548
425,925,16275082523474805662,13216187306969257425
426,926,17625252322558269554,4814651479873535255
427,927,17469736419277561227,144484297805469763
428,928,17283591359645230977,4846457398868053354
429,929,16442279935161422042,6982069185144531710
430,930,18095208314076533882,13985888882721926197
431,931,10685216651389886431,8524050536862848773
432,932,15866191457011395916,7585301357103489725
433,933,4690636073586620321,7662112337304352531
434,934,7666453312990573629,11955281316637747001
435,935,1315973432201509189,4012499006709870931
436,936,17479738599454125441,10889704580201301538
437,937,839048974645904561,337697886886319318
438,938,3703849098960108453,2613254335856616919
439,939,12679236611532516804,14402738949808433370
440,940,2543826112308060593,17939017641948403283
441,941,3039654216358006586,16314368379461201115
442,942,11658570406557689864,3116684510759028986
443,943,15882762028301059404,11410482794398159233
444,944,18239105551742944190,11636864149449999539
445,945,298320621014678699,4605943479206049630
446,946,17068686742194339430,2416098433987488059
447,947,1507157982272039783,9881514753103288020
448,948,9518969696979477939,13842554268645432212
449,949,3971273843343892377,18206466018259162961
450,950,6208284435089007772,4353518981103569973
451,951,5119256885752706157,8685315354357855237
452,952,13765804321866814806,9504825060700207881
453,953,13027165728985022672,4601520500379848692
454,954,15327925742297630578,9782404493017358614
455,955,3738522577887506910,15614070072272834556
456,956,4354188839042863534,13103228178303950386
457,957,11753632452712412086,4557888414742576391
458,958,6102783270269840489,215289448094931964
459,959,13614002811374027549,8508612909821345333
460,960,14017153503452452331,14287943841727420775
461,961,4512139549993674860,1205872684051218852
462,962,10147980708340461863,6445027192285061086
463,963,1583016858354646952,13554947365164556736
464,964,14301241831457846081,18158984345270224384
465,965,911972847820850819,15920054230588597643
466,966,16900448654935390972,3176324559272449166
467,967,14876008256948067532,411610110659130261
468,968,17248675303497611561,11205895365918372410
469,969,14746662515642046438,7283087207597231533
470,970,17296519793093812705,6977847838992587182
471,971,1815198753368066549,2740157875590872214
472,972,3513142294778509852,10900047722748597756
473,973,11487339453541796970,18111878809130219483
474,974,14419355746580199917,10899231161234074556
475,975,8909378983849686023,18075049415254123095
476,976,13388796054131023931,2870752493220681042
477,977,810997864283849313,4986160199121665442
478,978,16975206424303730572,7309407060875739869
479,979,7601447142561988400,16215818062528086653
480,980,1459243696380004154,10941753832503601334
481,981,14499369903791113399,11529535881348983341
482,982,17372373503738268380,1187834417288208101
483,983,4735887048381931087,1508398401530009263
484,984,10044253788614033606,1141673796463881030
485,985,17349716177145154808,15769398696309317250
486,986,1527643815228137876,985096397938941972
487,987,4949620425644633804,16444490771306343885
488,988,591819593415818426,9546430214617369421
489,989,16822158061730639092,15683902855810081666
490,990,15844429266454992853,7020570453067003730
491,991,9592431766386093562,14036093288355541030
492,992,1085114502972494969,15445305278816112519
493,993,4967314332105336950,16728006938653189379
494,994,5812604880612603809,3745778574867927442
495,995,2354702971588917175,17685940284410024245
496,996,16493908072669300152,13157121324501345253
497,997,1491784224258921615,13118324290521832145
498,998,15639121307756170732,16793452423917934070
499,999,14391271674152165057,17235497832900208601
500,1000,2052063180513110702,16022044152833987364
