procedure,beta,beta_star,status,status_scope,tpr,tpr_se,paired_tpr_difference_vs_beta0,paired_difference_se,paired_tpr_difference_vs_ebh,paired_difference_vs_ebh_se,empirical_fdr,fdr_se,mean_rejections,mean_rejection_gain_vs_ebh,minimum_rejection_gain_vs_ebh,ebh_containment_rate,selection_change_rate_vs_beta0,selection_change_rate_vs_ebh,selector_set_change_count_vs_original,selector_set_change_rate_vs_original,maximum_absolute_rejection_count_change_vs_original,mean_rejection_count_change_vs_original,changed_true_positive_count_vs_original,mean_tpr_change_vs_original,nonnulls,nonnull_proportion,replications,K,alpha,signal,seed,rng,python_version,numpy_version
eBH,,0.004,benchmark,not applicable,0.22268200000000002,0.0010414756586438051,-0.052536000000000006,0.0005000187223721956,0.0,0.0,0.0035219890525529296,0.0001770993243105624,111.743,0.0,0,1.0,1.0,0.0,0,0.0,0,0.0,0,0.0,500,0.1,1000,5000,0.05,3.0,20260719,numpy.random.default_rng (PCG64),3.12.13,2.3.5
weighted-mean closed eBH,0.0,0.004,admissible,underlying simultaneous procedure,0.275218,0.0010948749824647684,0.0,0.0,0.052536000000000006,0.0005000187223721956,0.005424963984474916,0.00019631144146173133,138.37,26.627,9,1.0,0.0,1.0,0,0.0,0,0.0,0,0.0,500,0.1,1000,5000,0.05,3.0,20260719,numpy.random.default_rng (PCG64),3.12.13,2.3.5
weighted-mean closed eBH,0.004,0.004,admissible,underlying simultaneous procedure,0.275218,0.0010948749824647684,0.0,0.0,0.052536000000000006,0.0005000187223721956,0.005424963984474916,0.00019631144146173133,138.37,26.627,9,1.0,0.0,1.0,0,0.0,0,0.0,0,0.0,500,0.1,1000,5000,0.05,3.0,20260719,numpy.random.default_rng (PCG64),3.12.13,2.3.5
weighted-mean closed eBH,0.8,0.004,inadmissible,underlying simultaneous procedure,0.275218,0.0010948749824647684,0.0,0.0,0.052536000000000006,0.0005000187223721956,0.005424963984474916,0.00019631144146173133,138.37,26.627,9,1.0,0.0,1.0,0,0.0,0,0.0,0,0.0,500,0.1,1000,5000,0.05,3.0,20260719,numpy.random.default_rng (PCG64),3.12.13,2.3.5
weighted-mean closed eBH,0.9,0.004,inadmissible,underlying simultaneous procedure,0.27238599999999996,0.0011004007842081384,-0.002832,0.0001228774791199546,0.049704000000000005,0.0004696860536453994,0.005336531745080498,0.0001961966522139483,136.934,25.191,9,1.0,0.751,1.0,0,0.0,0,0.0,0,0.0,500,0.1,1000,5000,0.05,3.0,20260719,numpy.random.default_rng (PCG64),3.12.13,2.3.5
weighted-mean closed eBH,1.0,0.004,inadmissible,underlying simultaneous procedure,0.26230400000000004,0.0011059342994385673,-0.012914,0.0002752678266277706,0.039622000000000004,0.0003816894061967174,0.004873833992998991,0.00019051199122412915,131.807,20.064,8,1.0,0.976,1.0,0,0.0,0,0.0,0,0.0,500,0.1,1000,5000,0.05,3.0,20260719,numpy.random.default_rng (PCG64),3.12.13,2.3.5
eBH,,0.004,benchmark,not applicable,0.350884,0.000767409578687588,-0.081073,0.0003764510411546054,0.0,0.0,0.004212257438488638,0.00010663541435959424,352.376,0.0,0,1.0,1.0,0.0,0,0.0,0,0.0,0,0.0,1000,0.2,1000,5000,0.05,3.0,20260719,numpy.random.default_rng (PCG64),3.12.13,2.3.5
weighted-mean closed eBH,0.0,0.004,admissible,underlying simultaneous procedure,0.431957,0.0007476403661635167,0.0,0.0,0.081073,0.0003764510411546054,0.0072059710472318576,0.0001258233121987748,435.102,82.726,54,1.0,0.0,1.0,0,0.0,0,0.0,0,0.0,1000,0.2,1000,5000,0.05,3.0,20260719,numpy.random.default_rng (PCG64),3.12.13,2.3.5
weighted-mean closed eBH,0.004,0.004,admissible,underlying simultaneous procedure,0.431957,0.0007476403661635167,0.0,0.0,0.081073,0.0003764510411546054,0.0072059710472318576,0.0001258233121987748,435.102,82.726,54,1.0,0.0,1.0,0,0.0,0,0.0,0,0.0,1000,0.2,1000,5000,0.05,3.0,20260719,numpy.random.default_rng (PCG64),3.12.13,2.3.5
weighted-mean closed eBH,0.8,0.004,inadmissible,underlying simultaneous procedure,0.430644,0.0007522041445479248,-0.0013130000000000001,4.24362089710171e-05,0.07976000000000001,0.0003630071268917102,0.007153291089893115,0.00012591727609108608,433.757,81.381,55,1.0,0.8,1.0,0,0.0,0,0.0,0,0.0,1000,0.2,1000,5000,0.05,3.0,20260719,numpy.random.default_rng (PCG64),3.12.13,2.3.5
weighted-mean closed eBH,0.9,0.004,inadmissible,underlying simultaneous procedure,0.421131,0.0007690691167289884,-0.010826,0.0001490165424707268,0.070247,0.00031801749342783974,0.006753212103267895,0.0001237110033990453,424.003,71.627,48,1.0,0.998,1.0,0,0.0,0,0.0,0,0.0,1000,0.2,1000,5000,0.05,3.0,20260719,numpy.random.default_rng (PCG64),3.12.13,2.3.5
weighted-mean closed eBH,1.0,0.004,inadmissible,underlying simultaneous procedure,0.40902999999999995,0.0007828447776832556,-0.022927,0.00022859993204051683,0.058146,0.000263833834623788,0.006224904752900222,0.00012134992511156927,411.6,59.224,40,1.0,1.0,1.0,0,0.0,0,0.0,0,0.0,1000,0.2,1000,5000,0.05,3.0,20260719,numpy.random.default_rng (PCG64),3.12.13,2.3.5
eBH,,0.004,benchmark,not applicable,0.42749000000000004,0.0006004824275634376,-0.10425866666666667,0.00031538142920967116,0.0,0.0,0.004088521874194336,7.800537743600049e-05,643.872,0.0,0,1.0,1.0,0.0,0,0.0,0,0.0,0,0.0,1500,0.3,1000,5000,0.05,3.0,20260719,numpy.random.default_rng (PCG64),3.12.13,2.3.5
weighted-mean closed eBH,0.0,0.004,admissible,underlying simultaneous procedure,0.5317486666666666,0.0005725461423196257,0.0,0.0,0.10425866666666667,0.00031538142920967116,0.007798004525524909,9.621646966766506e-05,803.899,160.027,120,1.0,0.0,1.0,0,0.0,0,0.0,0,0.0,1500,0.3,1000,5000,0.05,3.0,20260719,numpy.random.default_rng (PCG64),3.12.13,2.3.5
weighted-mean closed eBH,0.004,0.004,admissible,underlying simultaneous procedure,0.5317486666666666,0.0005725461423196257,0.0,0.0,0.10425866666666667,0.00031538142920967116,0.007798004525524909,9.621646966766506e-05,803.899,160.027,120,1.0,0.0,1.0,0,0.0,0,0.0,0,0.0,1500,0.3,1000,5000,0.05,3.0,20260719,numpy.random.default_rng (PCG64),3.12.13,2.3.5
weighted-mean closed eBH,0.8,0.004,inadmissible,underlying simultaneous procedure,0.5233453333333333,0.0005883606432016768,-0.008403333333333334,0.00010377584006181822,0.09585533333333333,0.0002820834753882032,0.007394851751163157,9.381887340020355e-05,790.872,147.0,111,1.0,1.0,1.0,0,0.0,0,0.0,0,0.0,1500,0.3,1000,5000,0.05,3.0,20260719,numpy.random.default_rng (PCG64),3.12.13,2.3.5
weighted-mean closed eBH,0.9,0.004,inadmissible,underlying simultaneous procedure,0.511214,0.0005990274841905875,-0.020534666666666666,0.00016774598270812537,0.083724,0.0002484041862587303,0.006869574055248463,9.053783514347729e-05,772.132,128.26,94,1.0,1.0,1.0,0,0.0,0,0.0,0,0.0,1500,0.3,1000,5000,0.05,3.0,20260719,numpy.random.default_rng (PCG64),3.12.13,2.3.5
weighted-mean closed eBH,1.0,0.004,inadmissible,underlying simultaneous procedure,0.49803933333333333,0.0006089173542808123,-0.033709333333333334,0.0002136004167292653,0.07054933333333334,0.00021011145651175436,0.006356474081957758,8.807773238127488e-05,751.844,107.972,79,1.0,1.0,1.0,0,0.0,0,0.0,0,0.0,1500,0.3,1000,5000,0.05,3.0,20260719,numpy.random.default_rng (PCG64),3.12.13,2.3.5
